ts_code,trade_date,close,total_share,float_share,total_mv,circ_mv
002822.SZ,20210527,5.83,72144.5836,63666.4523,420602.9224,371175.4169
002822.SZ,20210526,5.83,72144.5836,63666.4523,420602.9224,371175.4169
002822.SZ,20210525,5.81,72144.5836,63666.4523,419160.0307,369902.0879
002822.SZ,20210524,5.79,72144.5836,63666.4523,417717.139,368628.7588
002822.SZ,20210521,5.84,72144.5836,63666.4523,421324.3682,371812.0814
002822.SZ,20210520,5.84,72144.5836,63666.4523,421324.3682,371812.0814
002822.SZ,20210519,5.85,72144.5836,63666.4523,422045.8141,372448.746
002822.SZ,20210518,5.88,72144.5836,63666.4523,424210.1516,374358.7395
002822.SZ,20210517,5.88,72144.5836,63666.4523,424210.1516,374358.7395
002822.SZ,20210514,6.1,72144.5836,63666.4523,440081.96,388365.359
002822.SZ,20210513,5.77,72144.5836,63666.4523,416274.2474,367355.4298
002822.SZ,20210512,5.86,72144.5836,63666.4523,422767.2599,373085.4105
002822.SZ,20210511,5.78,72144.5836,63666.4523,416995.6932,367992.0943
002822.SZ,20210510,5.73,72144.5836,63666.4523,413388.464,364808.7717
002822.SZ,20210507,5.8,72144.5836,63666.4523,418438.5849,369265.4233
002822.SZ,20210506,5.89,72144.5836,63666.4523,424931.5974,374995.404
002822.SZ,20210430,5.69,72144.5836,63666.4523,410502.6807,362262.1136
002822.SZ,20210429,5.87,72144.5836,63666.4523,423488.7057,373722.075
002822.SZ,20210428,5.93,72144.5836,63666.4523,427817.3807,377542.0621
002822.SZ,20210427,6.02,72144.5836,63666.4523,434310.3933,383272.0428
002822.SZ,20210426,5.99,72144.5836,63666.4523,432146.0558,381362.0493
002822.SZ,20210423,6.14,72144.5836,63666.4523,442967.7433,390912.0171
002822.SZ,20210422,6.28,72144.5836,63666.4523,453067.985,399825.3204
002822.SZ,20210421,6.2,72144.5836,63666.4523,447296.4183,394732.0043
002822.SZ,20210420,6.39,72144.5836,63666.4523,461003.8892,406828.6302
002822.SZ,20210419,6.41,72144.5836,63666.4523,462446.7809,408101.9592
002822.SZ,20210416,6.45,72144.5836,63666.4523,465332.5642,410648.6173
002822.SZ,20210415,6.38,72144.5836,63666.4523,460282.4434,406191.9657
002822.SZ,20210414,6.37,72144.5836,63666.4523,459560.9975,405555.3012
002822.SZ,20210413,6.2,72144.5836,63666.4523,447296.4183,394732.0043
002822.SZ,20210412,6.26,72144.5836,63666.4523,451625.0933,398551.9914
002822.SZ,20210409,6.12,72144.5836,63666.4523,441524.8516,389638.6881
002822.SZ,20210408,6.11,72144.5836,63666.4523,440803.4058,389002.0236
002822.SZ,20210407,6.31,72144.5836,63666.4523,455232.3225,401735.314
002822.SZ,20210406,6.29,72144.5836,63666.4523,453789.4308,400461.985
002822.SZ,20210402,6.26,72144.5836,63666.4523,451625.0933,398551.9914
002822.SZ,20210401,6.22,72144.5836,63666.4523,448739.31,396005.3333
002822.SZ,20210331,6.3,72144.5836,63666.4523,454510.8767,401098.6495
002822.SZ,20210330,6.27,72144.5836,63666.4523,452346.5392,399188.6559
002822.SZ,20210329,6.34,72144.5836,63666.4523,457396.66,403645.3076
002822.SZ,20210326,6.44,72144.5836,63666.4523,464611.1184,410011.9528
002822.SZ,20210325,6.38,72144.5836,63666.4523,460282.4434,406191.9657
002822.SZ,20210324,6.36,72144.5836,63666.4523,458839.5517,404918.6366
002822.SZ,20210323,6.47,72144.5836,63666.4523,466775.4559,411921.9464
002822.SZ,20210322,6.49,72144.5836,63666.4523,468218.3476,413195.2754
002822.SZ,20210319,6.45,72144.5836,63666.4523,465332.5642,410648.6173
002822.SZ,20210318,6.4,72144.5836,63666.4523,461725.335,407465.2947
002822.SZ,20210317,6.23,72144.5836,63666.4523,449460.7558,396641.9978
002822.SZ,20210316,6.16,72144.5836,63666.4523,444410.635,392185.3462
002822.SZ,20210315,5.93,72144.5836,63666.4523,427817.3807,377542.0621
002822.SZ,20210312,6.04,72144.5836,63666.4523,435753.2849,384545.3719
002822.SZ,20210311,6.11,72144.5836,63666.4523,440803.4058,389002.0236
002822.SZ,20210310,6.04,72144.5836,63666.4523,435753.2849,384545.3719
002822.SZ,20210309,6.33,72144.5836,63666.4523,456675.2142,403008.6431
002822.SZ,20210308,6.28,72144.5836,63666.4523,453067.985,399825.3204
002822.SZ,20210305,6.53,72144.5836,63666.4523,471104.1309,415741.9335
002822.SZ,20210304,6.53,72144.5836,63666.4523,471104.1309,415741.9335
002822.SZ,20210303,6.57,72144.5836,63666.4523,473989.9143,418288.5916
002822.SZ,20210302,6.41,72144.5836,62254.6876,462446.7809,399052.5475
002822.SZ,20210301,6.57,72144.5836,62254.6876,473989.9143,409013.2975
002822.SZ,20210226,6.71,72144.5836,62254.6876,484090.156,417728.9538
002822.SZ,20210225,6.66,72144.5836,62254.6876,480482.9268,414616.2194
002822.SZ,20210224,6.37,72144.5836,62255.3776,459560.9975,396566.7553
002822.SZ,20210223,6.69,72144.5836,62255.3776,482647.2643,416488.4761
002822.SZ,20210222,6.7,72144.5836,62255.3776,483368.7101,417111.0299
002822.SZ,20210219,6.52,72144.5836,62255.3776,470382.6851,405905.062
002822.SZ,20210218,6.31,72144.5836,62255.3776,455232.3225,392831.4327
002822.SZ,20210210,6.23,72144.5836,62255.3776,449460.7558,387851.0024
002822.SZ,20210209,6.47,72144.5836,62255.3776,466775.4559,402792.2931
002822.SZ,20210208,6.45,72144.5836,62255.3776,465332.5642,401547.1855
002822.SZ,20210205,6.45,72144.5836,62255.3776,465332.5642,401547.1855
002822.SZ,20210204,6.16,72144.5836,62984.2176,444410.635,387982.7804
002822.SZ,20210203,6.14,72144.5836,62984.2176,442967.7433,386723.0961
002822.SZ,20210202,6.14,72144.5836,62984.2176,442967.7433,386723.0961
002822.SZ,20210201,6.08,72144.5836,62984.2176,438639.0683,382944.043
002822.SZ,20210129,6.07,72144.5836,62984.2176,437917.6225,382314.2008
002822.SZ,20210128,6.07,72144.5836,62984.2176,437917.6225,382314.2008
002822.SZ,20210127,5.79,72144.5836,62984.2176,417717.139,364678.6199
002822.SZ,20210126,5.57,72144.5836,62984.2176,401845.3307,350822.092
002822.SZ,20210125,5.7,72144.5836,62984.2176,411224.1265,359010.0403
002822.SZ,20210122,5.78,72144.5836,62984.2176,416995.6932,364048.7777
002822.SZ,20210121,5.98,72144.5836,62984.2176,431424.6099,376645.6212
002822.SZ,20210120,5.89,72144.5836,62984.2176,424931.5974,370977.0417
002822.SZ,20210119,6.04,72144.5836,62984.2176,435753.2849,380424.6743
002822.SZ,20210118,6.03,72144.5836,62984.2176,435031.8391,379794.8321
002822.SZ,20210115,6.14,72144.5836,62984.2176,442967.7433,386723.0961
002822.SZ,20210114,5.85,72144.5836,62984.2176,422045.8141,368457.673
002822.SZ,20210113,5.6,72144.5836,62984.2176,404009.6682,352711.6186
002822.SZ,20210112,5.77,72144.5836,62984.2176,416274.2474,363418.9356
002822.SZ,20210111,5.85,72144.5836,62984.2176,422045.8141,368457.673
002822.SZ,20210108,6.05,72144.5836,62984.2176,436474.7308,381054.5165
002822.SZ,20210107,5.5,72144.5836,62984.2176,396795.2098,346413.1968
002822.SZ,20210106,6.06,72144.5836,62984.2176,437196.1766,381684.3587
002822.SZ,20210105,6.03,72144.5836,62984.2176,435031.8391,379794.8321
002822.SZ,20210104,6.23,72144.5836,62984.2176,449460.7558,392391.6756
002822.SZ,20201231,6.4,72144.5836,62984.2176,461725.335,403098.9926
002822.SZ,20201230,6.16,72144.5836,62984.2176,444410.635,387982.7804
002822.SZ,20201229,6.16,72144.5836,62984.2176,444410.635,387982.7804
002822.SZ,20201228,6.19,72144.5836,62984.2176,446574.9725,389872.3069
002822.SZ,20201225,6.57,72144.5836,62984.2176,473989.9143,413806.3096
002822.SZ,20201224,6.45,72144.5836,62984.2176,465332.5642,406248.2035
002822.SZ,20201223,6.63,72144.5836,62984.2176,478318.5893,417585.3627
002822.SZ,20201222,6.59,72144.5836,62984.2176,475432.8059,415065.994
002822.SZ,20201221,7.06,72144.5836,62984.2176,509340.7602,444668.5763
002822.SZ,20201218,7.11,72144.5836,62984.2176,512947.9894,447817.7871
002822.SZ,20201217,6.87,72144.5836,62984.2176,495633.2893,432701.5749
002822.SZ,20201216,7.09,72144.5836,62984.2176,511505.0977,446558.1028
002822.SZ,20201215,7.1,72144.5836,62984.2176,512226.5436,447187.945
002822.SZ,20201214,7.17,72144.5836,62984.2176,517276.6644,451596.8402
002822.SZ,20201211,7.18,72144.5836,62984.2176,517998.1102,452226.6824
002822.SZ,20201210,7.33,72144.5836,62984.2176,528819.7978,461674.315
002822.SZ,20201209,7.52,72144.5836,62984.2176,542527.2687,473641.3164
002822.SZ,20201208,7.5,72144.5836,62984.2176,541084.377,472381.632
002822.SZ,20201207,7.54,72144.5836,62984.2176,543970.1603,474901.0007
002822.SZ,20201204,7.56,72144.5836,62984.2176,545413.052,476160.6851
002822.SZ,20201203,7.75,72144.5836,62984.2176,559120.5229,488127.6864
002822.SZ,20201202,7.41,72144.5836,62984.2176,534591.3645,466713.0524
002822.SZ,20201201,7.5,72144.5836,62984.2176,541084.377,472381.632
002822.SZ,20201130,7.54,72144.5836,62984.2176,543970.1603,474901.0007
002822.SZ,20201127,7.42,72168.5336,62872.6576,535490.5193,466515.1194
002822.SZ,20201126,7.48,72168.5336,62872.6576,539820.6313,470287.4788
002822.SZ,20201125,7.54,72168.5336,62872.6576,544150.7433,474059.8383
002822.SZ,20201124,7.5,72168.5336,62872.6576,541264.002,471544.932
002822.SZ,20201123,7.57,72168.5336,62872.6576,546315.7994,475946.018
002822.SZ,20201120,7.68,72168.5336,62872.6576,554254.338,482862.0104
002822.SZ,20201119,7.32,72168.5336,62872.6576,528273.666,460227.8536
002822.SZ,20201118,7.45,72168.5336,62872.6576,537655.5753,468401.2991
002822.SZ,20201117,7.62,72168.5336,62872.6576,549924.226,479089.6509
002822.SZ,20201116,7.45,72168.5336,62872.6576,537655.5753,468401.2991
002822.SZ,20201113,7.33,72168.5336,62872.6576,528995.3513,460856.5802
002822.SZ,20201112,7.36,72168.5336,62872.6576,531160.4073,462742.7599
002822.SZ,20201111,7.44,72168.5336,62872.6576,536933.89,467772.5725
002822.SZ,20201110,7.22,72168.5336,62872.6576,521056.8126,453940.5879
002822.SZ,20201109,7.34,72168.5336,62872.6576,529717.0366,461485.3068
002822.SZ,20201106,7.3,72168.5336,62872.6576,526830.2953,458970.4005
002822.SZ,20201105,7.32,72168.5336,62872.6576,528273.666,460227.8536
002822.SZ,20201104,7.11,72168.5336,62872.6576,513118.2739,447024.5955
002822.SZ,20201103,7.13,72168.5336,62872.6576,514561.6446,448282.0487
002822.SZ,20201102,7.18,72168.5336,62872.6576,518170.0712,451425.6816
002822.SZ,20201030,7.25,72168.5336,62872.6576,523221.8686,455826.7676
002822.SZ,20201029,7.36,72168.5336,62872.6576,531160.4073,462742.7599
002822.SZ,20201028,7.46,72168.5336,62872.6576,538377.2607,469030.0257
002822.SZ,20201027,7.43,72168.5336,62872.6576,536212.2046,467143.846
002822.SZ,20201026,7.38,72168.5336,62872.6576,532603.778,464000.2131
002822.SZ,20201023,7.39,72168.5336,62872.6576,533325.4633,464628.9397
002822.SZ,20201022,7.46,72168.5336,62872.6576,538377.2607,469030.0257
002822.SZ,20201021,7.61,72168.5336,62872.6576,549202.5407,478460.9243
002822.SZ,20201020,7.65,72168.5336,62872.6576,552089.282,480975.8306
002822.SZ,20201019,7.76,72168.5336,62872.6576,560027.8207,487891.823
002822.SZ,20201016,7.83,72168.5336,62872.6576,565079.6181,492292.909
002822.SZ,20201015,7.74,72168.5336,62872.6576,558584.4501,486634.3698
002822.SZ,20201014,7.88,72168.5336,62872.6576,568688.0448,495436.5419
002822.SZ,20201013,8.14,72168.5336,62872.6576,587451.8635,511783.4329
002822.SZ,20201012,8.18,72168.5336,62872.6576,590338.6048,514298.3392
002822.SZ,20201009,7.76,72168.5336,62872.6576,560027.8207,487891.823
002822.SZ,20200930,7.9,72168.5336,62872.6576,570131.4154,496693.995
002822.SZ,20200929,7.55,72168.5336,62872.6576,544872.4287,474688.5649
002822.SZ,20200928,7.94,72168.5336,62872.6576,573018.1568,499208.9013
002822.SZ,20200925,8.22,72168.5336,62872.6576,593225.3462,516813.2455
002822.SZ,20200924,7.85,72168.5336,63038.6576,566522.9888,494853.4622
002822.SZ,20200923,8.3,72168.5336,63038.6576,598998.8289,523220.8581
002822.SZ,20200922,8.45,72168.5336,63038.6576,609824.1089,532676.6567
002822.SZ,20200921,8.45,72168.5336,63038.6576,609824.1089,532676.6567
002822.SZ,20200918,8.56,72168.5336,62875.1576,617762.6476,538211.3491
002822.SZ,20200917,8.58,72168.5336,62875.1576,619206.0183,539468.8522
002822.SZ,20200916,8.68,72168.5336,62875.1576,626422.8716,545756.368
002822.SZ,20200915,8.72,72168.5336,62875.1576,629309.613,548271.3743
002822.SZ,20200914,8.97,72168.5336,62875.1576,647351.7464,563990.1637
002822.SZ,20200911,8.83,72168.5336,62875.1576,637248.1517,555187.6416
002822.SZ,20200910,9.04,72168.5336,62875.1576,652403.5437,568391.4247
002822.SZ,20200909,9.06,72168.5336,62875.1576,653846.9144,569648.9279
002822.SZ,20200908,9.25,72168.5336,62875.1576,667558.9358,581595.2078
002822.SZ,20200907,9.28,72168.5336,62875.1576,669723.9918,583481.4625
002822.SZ,20200904,9.12,72168.5336,62875.1576,658177.0264,573421.4373
002822.SZ,20200903,8.98,72168.5336,62875.1576,648073.4317,564618.9152
002822.SZ,20200902,9.13,70756.7689,62875.1576,646009.3001,574050.1889
002822.SZ,20200901,9.15,70756.7689,62875.1576,647424.4354,575307.692
002822.SZ,20200831,9.28,70756.7689,62875.1576,656622.8154,583481.4625
002822.SZ,20200828,9.17,70756.7689,62875.1576,648839.5708,576565.1952
002822.SZ,20200827,9.04,70756.7689,62875.1576,639641.1909,568391.4247
002822.SZ,20200826,9.0,70756.7689,62875.1576,636810.9201,565876.4184
002822.SZ,20200825,9.14,70756.7689,62875.1576,646716.8677,574678.9405
002822.SZ,20200824,9.45,70756.7689,62875.1576,668651.4661,594170.2393
002822.SZ,20200821,9.28,70756.7689,62875.1576,656622.8154,583481.4625
002822.SZ,20200820,9.41,70756.7689,62875.1576,665821.1953,591655.233
002822.SZ,20200819,9.5,70756.7689,62875.1576,672189.3046,597313.9972
002822.SZ,20200818,9.77,70756.7689,62875.1576,691293.6322,614290.2898
002822.SZ,20200817,9.93,69042.4838,62875.1576,685591.8641,624350.315
002822.SZ,20200814,9.89,69042.4838,62875.1576,682830.1648,621835.3087
002822.SZ,20200813,9.63,69042.4838,62875.1576,664879.119,605487.7677
002822.SZ,20200812,9.66,69042.4838,62875.1576,666950.3935,607374.0224
002822.SZ,20200811,9.48,69042.4838,62875.1576,654522.7464,596056.494
002822.SZ,20200810,9.71,69042.4838,62875.1576,670402.5177,610517.7803
002822.SZ,20200807,9.77,69042.4838,62875.1576,674545.0667,614290.2898
002822.SZ,20200806,9.8,69042.4838,62875.1576,676616.3412,616176.5445
002822.SZ,20200805,10.05,69042.4838,62875.1576,693876.9622,631895.3339
002822.SZ,20200804,9.96,69042.4838,62875.1576,687663.1386,626236.5697
002822.SZ,20200803,9.65,69042.4838,62875.1576,666259.9687,606745.2708
002822.SZ,20200731,9.73,69042.4838,62875.1576,671783.3674,611775.2834
002822.SZ,20200730,9.4,69042.4838,62875.1576,648999.3477,591026.4814
002822.SZ,20200729,9.52,69042.4838,62875.1576,657284.4458,598571.5004
002822.SZ,20200728,9.55,69042.4838,62875.1576,659355.7203,600457.7551
002822.SZ,20200727,9.35,69042.4838,62875.1576,645547.2235,587882.7236
002822.SZ,20200724,9.15,69042.4838,62875.1576,631738.7268,575307.692
002822.SZ,20200723,9.82,69042.4838,62875.1576,677997.1909,617434.0476
002822.SZ,20200722,9.81,69042.4838,62875.1576,677306.7661,616805.2961
002822.SZ,20200721,10.05,69042.4838,62875.1576,693876.9622,631895.3339
002822.SZ,20200720,10.05,69042.4838,62875.1576,693876.9622,631895.3339
002822.SZ,20200717,9.55,69042.4838,62875.1576,659355.7203,600457.7551
002822.SZ,20200716,9.58,69042.4838,62875.1576,661426.9948,602344.0098
002822.SZ,20200715,9.41,69042.4838,62875.1576,649689.7726,591655.233
002822.SZ,20200714,10.18,69042.4838,62875.1576,702852.4851,640069.1044
002822.SZ,20200713,10.1,69042.4838,62875.1576,697329.0864,635039.0918
002822.SZ,20200710,9.95,69042.4838,62875.1576,686972.7138,625607.8181
002822.SZ,20200709,9.66,69042.4838,62875.1576,666950.3935,607374.0224
002822.SZ,20200708,9.82,69054.9838,62875.1576,678119.9409,617434.0476
002822.SZ,20200707,9.22,69054.9838,62875.1576,636686.9506,579708.9531
002822.SZ,20200706,9.37,69054.9838,62875.1576,647045.1982,589140.2267
002822.SZ,20200703,8.57,69054.9838,62875.1576,591801.2112,538840.1006
002822.SZ,20200702,8.46,69054.9838,62875.1576,584205.1629,531923.8333
002822.SZ,20200701,8.54,69054.9838,62875.1576,589729.5617,536953.8459
002822.SZ,20200630,8.56,69054.9838,62875.1576,591110.6613,538211.3491
002822.SZ,20200629,8.62,69054.9838,62875.1576,595253.9604,541983.8585
002822.SZ,20200624,8.81,69054.9838,62875.1576,608374.4073,553930.1385
002822.SZ,20200623,8.6,69054.9838,62875.1576,593872.8607,540726.3554
002822.SZ,20200622,8.74,69054.9838,62875.1576,603540.5584,549528.8774
002822.SZ,20200619,8.76,69054.9838,62875.1576,604921.6581,550786.3806
002822.SZ,20200618,8.63,69054.9838,62875.1576,595944.5102,542612.6101
002822.SZ,20200617,8.66,69054.9838,62875.1576,598016.1597,544498.8648
002822.SZ,20200616,8.67,69054.9838,62875.1576,598706.7095,545127.6164
002822.SZ,20200615,8.81,69054.9838,62875.1576,608374.4073,553930.1385
002822.SZ,20200612,8.82,69054.9838,62875.1576,609064.9571,554558.89
002822.SZ,20200611,8.6,69054.9838,62875.1576,593872.8607,540726.3554
002822.SZ,20200610,8.69,69054.9838,62875.1576,600087.8092,546385.1195
002822.SZ,20200609,9.03,69054.9838,62875.1576,623566.5037,567762.6731
002822.SZ,20200608,9.15,69054.9838,62875.1576,631853.1018,575307.692
002822.SZ,20200604,9.02,69054.9838,62875.1576,622875.9539,567133.9216
002822.SZ,20200603,9.23,69054.9838,62875.1576,637377.5005,580337.7046
002822.SZ,20200602,9.23,69054.9838,62875.1576,637377.5005,580337.7046
002822.SZ,20200601,9.41,69054.9838,62875.1576,649807.3976,591655.233
002822.SZ,20200529,9.32,69054.9838,62875.1576,643592.449,585996.4688
002822.SZ,20200528,9.03,69054.9838,62875.1576,623566.5037,567762.6731
002822.SZ,20200527,9.17,69054.9838,62875.1576,633234.2014,576565.1952
002822.SZ,20200526,9.27,69054.9838,62875.1576,640139.6998,582852.711
002822.SZ,20200525,9.43,69054.9838,62875.1576,651188.4972,592912.7362
002822.SZ,20200522,10.48,69054.9838,62875.1576,723696.2302,658931.6516
002822.SZ,20200521,10.53,69054.9838,62875.1576,727148.9794,662075.4095
002822.SZ,20200520,10.24,69054.9838,62875.1576,707123.0341,643841.6138
002822.SZ,20200519,10.07,69054.9838,62875.1576,695383.6869,633152.837
002822.SZ,20200518,9.55,69054.9838,62875.1576,659475.0953,600457.7551
002822.SZ,20200515,9.88,69054.9838,62875.1576,682263.2399,621206.5571
002822.SZ,20200514,10.0,69054.9838,62875.1576,690549.838,628751.576
002822.SZ,20200513,10.07,69054.9838,62875.1576,695383.6869,633152.837
002822.SZ,20200512,10.25,69054.9838,62875.1576,707813.584,644470.3654
002822.SZ,20200511,10.47,69054.9838,62875.1576,723005.6804,658302.9001
002822.SZ,20200508,10.65,69054.9838,62875.1576,735435.5775,669620.4284
002822.SZ,20200507,10.66,69054.9838,62875.1576,736126.1273,670249.18
002822.SZ,20200506,10.63,69054.9838,62875.1576,734054.4778,668362.9253
002822.SZ,20200430,10.4,69054.9838,62875.1576,718171.8315,653901.639
002822.SZ,20200429,10.17,69054.9838,62875.1576,702289.1852,639440.3528
002822.SZ,20200428,9.63,69054.9838,62875.1576,664999.494,605487.7677
002822.SZ,20200427,10.7,69054.9838,62875.1576,738888.3267,672764.1863
002822.SZ,20200424,10.67,69054.9838,62875.1576,736816.6771,670877.9316
002822.SZ,20200423,10.0,69054.9838,62875.1576,690549.838,628751.576
002822.SZ,20200422,10.0,69054.9838,62875.1576,690549.838,628751.576
002822.SZ,20200421,9.98,69054.9838,62875.1576,689168.7383,627494.0728
002822.SZ,20200420,10.14,69054.9838,62875.1576,700217.5357,637554.0981
002822.SZ,20200417,10.18,69054.9838,62875.1576,702979.7351,640069.1044
002822.SZ,20200416,10.54,69054.9838,62875.1576,727839.5293,662704.1611
002822.SZ,20200415,10.2,69054.9838,62875.1576,704360.8348,641326.6075
002822.SZ,20200414,9.98,69054.9838,62875.1576,689168.7383,627494.0728
002822.SZ,20200413,9.89,69054.9838,62875.1576,682953.7898,621835.3087
002822.SZ,20200410,10.12,69054.9838,62875.1576,698836.4361,636296.5949
002822.SZ,20200409,10.13,69054.9838,62875.1576,699526.9859,636925.3465
002822.SZ,20200408,10.18,69054.9838,62875.1576,702979.7351,640069.1044
002822.SZ,20200407,10.48,69054.9838,62875.1576,723696.2302,658931.6516
002822.SZ,20200403,10.33,69054.9838,62875.1576,713337.9827,649500.378
002822.SZ,20200402,9.98,69054.9838,62875.1576,689168.7383,627494.0728
002822.SZ,20200401,10.08,69054.9838,62875.1576,696074.2367,633781.5886
002822.SZ,20200331,10.06,69054.9838,62875.1576,694693.137,632524.0855
002822.SZ,20200330,9.74,69054.9838,62875.1576,672595.5422,612404.035
002822.SZ,20200327,9.97,68331.6991,62255.9979,681267.04,620692.2991
002822.SZ,20200326,9.24,68331.6991,62255.9979,631384.8997,575245.4206
002822.SZ,20200325,9.48,68331.6991,62255.9979,647784.5075,590186.8601
002822.SZ,20200324,8.95,68331.6991,62255.9979,611568.7069,557191.1812
002822.SZ,20200323,8.78,68331.6991,62255.9979,599952.3181,546607.6616
002822.SZ,20200320,9.19,68331.6991,62255.9979,627968.3147,572132.6207
002822.SZ,20200319,8.87,68331.6991,62255.9979,606102.171,552210.7014
002822.SZ,20200318,8.38,68331.6991,62255.9979,572619.6385,521705.2624
002822.SZ,20200317,8.97,68331.6991,62255.9979,612935.3409,558436.3012
002822.SZ,20200316,8.73,68331.6991,62255.9979,596535.7331,543494.8617
002822.SZ,20200313,9.7,68331.6991,62255.9979,662817.4813,603883.1796
002822.SZ,20200312,9.7,68331.6991,62255.9979,662817.4813,603883.1796
002822.SZ,20200311,10.28,68331.6991,62255.9979,702449.8667,639991.6584
002822.SZ,20200310,10.56,68331.6991,62255.9979,721582.7425,657423.3378
002822.SZ,20200309,10.17,68331.6991,62255.9979,694933.3798,633143.4986
002822.SZ,20200306,10.7,68331.6991,62255.9979,731149.1804,666139.1775
002822.SZ,20200305,10.6,68331.6991,62255.9979,724316.0105,659913.5777
002822.SZ,20200304,10.6,68331.6991,62255.9979,724316.0105,659913.5777
002822.SZ,20200303,10.31,68331.6991,62255.9979,704499.8177,641859.3383
002822.SZ,20200302,9.88,68331.6991,62255.9979,675117.1871,615089.2593
002822.SZ,20200228,9.43,68331.6991,62255.9979,644367.9225,587074.0602
002822.SZ,20200227,10.16,68331.6991,62255.9979,694250.0629,632520.9387
002822.SZ,20200226,10.36,68331.6991,62255.9979,707916.4027,644972.1382
002822.SZ,20200225,10.56,68331.6991,62255.9979,721582.7425,657423.3378
002822.SZ,20200224,10.88,68331.6991,62255.9979,743448.8862,677345.2572
002822.SZ,20200221,10.79,68331.6991,62255.9979,737299.0333,671742.2173
002822.SZ,20200220,10.4,68331.6991,62255.9979,710649.6706,647462.3782
002822.SZ,20200219,10.7,68331.6991,62255.9979,731149.1804,666139.1775
002822.SZ,20200218,10.7,68331.6991,62255.9979,731149.1804,666139.1775
002822.SZ,20200217,10.5,68331.6991,62255.9979,717482.8406,653687.978
002822.SZ,20200214,10.23,68331.6991,62255.9979,699033.2818,636878.8585
002822.SZ,20200213,10.47,68331.6991,62255.9979,715432.8896,651820.298
002822.SZ,20200212,10.38,68331.6991,62255.9979,709283.0367,646217.2582
002822.SZ,20200211,10.23,68331.6991,62255.9979,699033.2818,636878.8585
002822.SZ,20200210,10.0,68331.6991,62255.9979,683316.991,622559.979
002822.SZ,20200207,10.01,68331.6991,62255.9979,684000.308,623182.539
002822.SZ,20200206,10.32,68331.6991,62255.9979,705183.1347,642481.8983
002822.SZ,20200205,10.1,68331.6991,62255.9979,690150.1609,628785.5788
002822.SZ,20200204,9.96,68331.6991,62255.9979,680583.723,620069.7391
002822.SZ,20200203,9.63,68331.6991,62255.9979,658034.2623,599525.2598
002822.SZ,20200123,10.7,68331.6991,62255.9979,731149.1804,666139.1775
002822.SZ,20200122,11.41,68331.6991,62255.9979,779664.6867,710340.936
002822.SZ,20200121,11.24,68331.6991,62255.9979,768048.2979,699757.4164
002822.SZ,20200120,11.56,68331.6991,62255.9979,789914.4416,719679.3357
002822.SZ,20200117,11.62,68331.6991,62255.9979,794014.3435,723414.6956
002822.SZ,20200116,11.62,68331.6991,62255.9979,794014.3435,723414.6956
002822.SZ,20200115,11.6,68331.6991,62255.9979,792647.7096,722169.5756
002822.SZ,20200114,11.6,68331.6991,62255.9979,792647.7096,722169.5756
002822.SZ,20200113,11.69,68331.6991,62255.9979,798797.5625,727772.6155
002822.SZ,20200110,11.62,68331.6991,62255.9979,794014.3435,723414.6956
002822.SZ,20200109,11.77,68331.6991,62255.9979,804264.0984,732753.0953
002822.SZ,20200108,11.27,68331.6991,62255.9979,770098.2489,701625.0963
002822.SZ,20200107,10.49,68331.6991,62255.9979,716799.5236,653065.418
002822.SZ,20200106,9.89,68331.6991,62255.9979,675800.5041,615711.8192
002822.SZ,20200103,9.9,68331.6991,62255.9979,676483.8211,616334.3792
002822.SZ,20200102,9.9,67499.4864,66899.4864,668244.9154,662304.9154
002822.SZ,20191231,9.89,67499.4864,66899.4864,667569.9205,661635.9205
002822.SZ,20191230,9.63,67499.4864,66899.4864,650020.054,644242.054
002822.SZ,20191227,9.7,67499.4864,66899.4864,654745.0181,648925.0181
002822.SZ,20191226,9.7,67499.4864,66899.4864,654745.0181,648925.0181
002822.SZ,20191225,9.29,67499.4864,66899.4864,627070.2287,621496.2287
002822.SZ,20191224,9.0,67499.4864,66899.4864,607495.3776,602095.3776
002822.SZ,20191223,9.2,67499.4864,66899.4864,620995.2749,615475.2749
002822.SZ,20191220,9.53,67499.4864,66899.4864,643270.1054,637552.1054
002822.SZ,20191219,9.13,67499.4864,66899.4864,616270.3108,610792.3108
002822.SZ,20191218,8.9,67499.4864,66899.4864,600745.429,595405.429
002822.SZ,20191217,9.1,67499.4864,66899.4864,614245.3262,608785.3262
002822.SZ,20191216,9.15,67499.4864,66899.4864,617620.3006,612130.3006
002822.SZ,20191213,9.04,67499.4864,66899.4864,610195.3571,604771.3571
002822.SZ,20191212,9.26,67499.4864,66899.4864,625045.2441,619489.2441
002822.SZ,20191211,8.99,67499.4864,66899.4864,606820.3827,601426.3827
002822.SZ,20191210,9.28,67499.4864,66899.4864,626395.2338,620827.2338
002822.SZ,20191209,9.09,67499.4864,66899.4864,613570.3314,608116.3314
002822.SZ,20191206,9.17,67499.4864,66899.4864,618970.2903,613468.2903
002822.SZ,20191205,8.91,67499.4864,66899.4864,601420.4238,596074.4238
002822.SZ,20191204,8.64,67499.4864,66899.4864,583195.5625,578011.5625
002822.SZ,20191203,8.62,67499.4864,66899.4864,581845.5728,576673.5728
002822.SZ,20191202,8.39,67499.4864,66899.4864,566320.6909,561286.6909
002822.SZ,20191129,8.46,67499.4864,66899.4864,571045.6549,565969.6549
002822.SZ,20191128,8.74,67499.4864,37505.4864,589945.5111,327797.9511
002822.SZ,20191127,8.48,67499.4864,37505.4864,572395.6447,318046.5247
002822.SZ,20191126,9.06,60600.0,30606.0,549036.0,277290.36
002822.SZ,20191125,8.94,60600.0,30606.0,541764.0,273617.64
002822.SZ,20191122,9.36,60600.0,30606.0,567216.0,286472.16
002822.SZ,20191121,9.64,60600.0,30606.0,584184.0,295041.84
002822.SZ,20191120,9.54,60600.0,30606.0,578124.0,291981.24
002822.SZ,20191119,9.37,60600.0,30606.0,567822.0,286778.22
002822.SZ,20191118,9.66,60600.0,30606.0,585396.0,295653.96
002822.SZ,20191115,9.72,60600.0,30606.0,589032.0,297490.32
002822.SZ,20191114,9.65,60600.0,30606.0,584790.0,295347.9
002822.SZ,20191113,9.08,60600.0,30606.0,550248.0,277902.48
002822.SZ,20191112,9.25,60600.0,30606.0,560550.0,283105.5
002822.SZ,20191111,9.39,60600.0,30606.0,569034.0,287390.34
002822.SZ,20191108,9.48,60600.0,30606.0,574488.0,290144.88
002822.SZ,20191107,9.88,60600.0,30606.0,598728.0,302387.28
002822.SZ,20191106,9.81,60600.0,30606.0,594486.0,300244.86
002822.SZ,20191105,9.59,60600.0,30606.0,581154.0,293511.54
002822.SZ,20191104,9.34,60600.0,30606.0,566004.0,285860.04
002822.SZ,20191101,9.28,60600.0,30606.0,562368.0,284023.68
002822.SZ,20191031,9.12,60600.0,30606.0,552672.0,279126.72
002822.SZ,20191030,9.83,60600.0,30606.0,595698.0,300856.98
002822.SZ,20191029,10.36,60600.0,30606.0,627816.0,317078.16
002822.SZ,20191028,9.42,60600.0,30606.0,570852.0,288308.52
002822.SZ,20191025,8.56,60600.0,30606.0,518736.0,261987.36
002822.SZ,20191024,8.64,60600.0,30606.0,523584.0,264435.84
002822.SZ,20191023,8.44,60600.0,30606.0,511464.0,258314.64
002822.SZ,20191022,8.5,60600.0,30606.0,515100.0,260151.0
002822.SZ,20191021,8.27,60600.0,30606.0,501162.0,253111.62
002822.SZ,20191018,8.35,60600.0,30606.0,506010.0,255560.1
002822.SZ,20191017,8.51,60600.0,30606.0,515706.0,260457.06
002822.SZ,20191016,8.54,60600.0,30606.0,517524.0,261375.24
002822.SZ,20191015,8.77,60600.0,30606.0,531462.0,268414.62
002822.SZ,20191014,9.03,60600.0,30606.0,547218.0,276372.18
002822.SZ,20191011,8.65,60600.0,30606.0,524190.0,264741.9
002822.SZ,20191010,8.74,60600.0,30606.0,529644.0,267496.44
002822.SZ,20191009,8.23,60600.0,30606.0,498738.0,251887.38
002822.SZ,20191008,8.22,60600.0,30606.0,498132.0,251581.32
002822.SZ,20190930,8.3,60600.0,30606.0,502980.0,254029.8
002822.SZ,20190927,8.68,60600.0,30606.0,526008.0,265660.08
002822.SZ,20190926,8.49,60600.0,30606.0,514494.0,259844.94
002822.SZ,20190925,8.38,60600.0,30606.0,507828.0,256478.28
002822.SZ,20190924,8.79,60600.0,30606.0,532674.0,269026.74
002822.SZ,20190923,8.86,60600.0,30606.0,536916.0,271169.16
002822.SZ,20190920,8.71,60600.0,30606.0,527826.0,266578.26
002822.SZ,20190919,8.72,60000.0,30606.0,523200.0,266884.32
002822.SZ,20190918,8.79,60000.0,30606.0,527400.0,269026.74
002822.SZ,20190917,8.6,60000.0,30606.0,516000.0,263211.6
002822.SZ,20190916,8.64,60000.0,30606.0,518400.0,264435.84
002822.SZ,20190912,8.59,60000.0,30606.0,515400.0,262905.54
002822.SZ,20190911,8.6,60000.0,30606.0,516000.0,263211.6
002822.SZ,20190910,9.07,60000.0,30606.0,544200.0,277596.42
002822.SZ,20190909,8.81,60000.0,30606.0,528600.0,269638.86
002822.SZ,20190906,8.49,60000.0,30606.0,509400.0,259844.94
002822.SZ,20190905,8.09,60000.0,30606.0,485400.0,247602.54
002822.SZ,20190904,8.19,60000.0,30606.0,491400.0,250663.14
002822.SZ,20190903,8.28,60000.0,30606.0,496800.0,253417.68
002822.SZ,20190902,8.39,60000.0,30606.0,503400.0,256784.34
002822.SZ,20190830,8.4,60000.0,30606.0,504000.0,257090.4
002822.SZ,20190829,8.71,60000.0,30606.0,522600.0,266578.26
002822.SZ,20190828,8.4,60000.0,30606.0,504000.0,257090.4
002822.SZ,20190827,8.58,60000.0,30606.0,514800.0,262599.48
002822.SZ,20190826,8.06,60000.0,30606.0,483600.0,246684.36
002822.SZ,20190823,8.16,60000.0,30606.0,489600.0,249744.96
002822.SZ,20190822,7.89,60000.0,30606.0,473400.0,241481.34
002822.SZ,20190821,7.86,60000.0,30606.0,471600.0,240563.16
002822.SZ,20190820,7.98,60000.0,30606.0,478800.0,244235.88
002822.SZ,20190819,8.05,60000.0,30606.0,483000.0,246378.3
002822.SZ,20190816,7.94,60000.0,30606.0,476400.0,243011.64
002822.SZ,20190815,7.9,60000.0,30606.0,474000.0,241787.4
002822.SZ,20190814,7.83,60000.0,30606.0,469800.0,239644.98
002822.SZ,20190813,7.36,60000.0,30606.0,441600.0,225260.16
002822.SZ,20190812,7.26,60000.0,30606.0,435600.0,222199.56
002822.SZ,20190809,7.28,60000.0,30606.0,436800.0,222811.68
002822.SZ,20190808,7.23,60000.0,30606.0,433800.0,221281.38
002822.SZ,20190807,7.19,60000.0,30606.0,431400.0,220057.14
002822.SZ,20190806,6.83,60000.0,30606.0,409800.0,209038.98
002822.SZ,20190805,7.09,60000.0,30606.0,425400.0,216996.54
002822.SZ,20190802,7.39,60000.0,30606.0,443400.0,226178.34
002822.SZ,20190801,7.35,60000.0,30606.0,441000.0,224954.1
002822.SZ,20190731,7.42,60000.0,30606.0,445200.0,227096.52
002822.SZ,20190730,7.43,60000.0,30606.0,445800.0,227402.58
002822.SZ,20190729,7.18,60000.0,30606.0,430800.0,219751.08
002822.SZ,20190726,7.26,60000.0,30606.0,435600.0,222199.56
002822.SZ,20190725,7.22,60000.0,30606.0,433200.0,220975.32
002822.SZ,20190724,7.28,60000.0,30606.0,436800.0,222811.68
002822.SZ,20190723,6.86,60000.0,30606.0,411600.0,209957.16
002822.SZ,20190722,6.84,60000.0,30606.0,410400.0,209345.04
002822.SZ,20190719,7.23,60000.0,30606.0,433800.0,221281.38
002822.SZ,20190718,7.46,60000.0,30606.0,447600.0,228320.76
002822.SZ,20190717,7.0,60000.0,30606.0,420000.0,214242.0
002822.SZ,20190716,7.26,60000.0,30606.0,435600.0,222199.56
002822.SZ,20190715,6.96,60000.0,30606.0,417600.0,213017.76
002822.SZ,20190712,6.69,60000.0,30606.0,401400.0,204754.14
002822.SZ,20190711,6.9,60000.0,30606.0,414000.0,211181.4
002822.SZ,20190710,6.9,60000.0,30606.0,414000.0,211181.4
002822.SZ,20190709,6.36,60000.0,30606.0,381600.0,194654.16
002822.SZ,20190708,6.69,60000.0,30606.0,401400.0,204754.14
002822.SZ,20190705,6.44,60000.0,30606.0,386400.0,197102.64
002822.SZ,20190704,6.45,60000.0,30606.0,387000.0,197408.7
002822.SZ,20190703,6.08,60000.0,30606.0,364800.0,186084.48
002822.SZ,20190702,6.19,60000.0,30606.0,371400.0,189451.14
002822.SZ,20190701,6.28,60000.0,30606.0,376800.0,192205.68
002822.SZ,20190628,6.28,60000.0,30606.0,376800.0,192205.68
002822.SZ,20190627,6.14,60000.0,30606.0,368400.0,187920.84
002822.SZ,20190626,6.22,60000.0,30606.0,373200.0,190369.32
002822.SZ,20190625,6.32,60000.0,30606.0,379200.0,193429.92
002822.SZ,20190624,6.42,60000.0,30606.0,385200.0,196490.52
002822.SZ,20190621,6.43,60000.0,30606.0,385800.0,196796.58
002822.SZ,20190620,6.54,60000.0,30606.0,392400.0,200163.24
002822.SZ,20190619,6.42,60000.0,30606.0,385200.0,196490.52
002822.SZ,20190618,6.43,60000.0,30606.0,385800.0,196796.58
002822.SZ,20190617,6.6,60000.0,30606.0,396000.0,201999.6
002822.SZ,20190614,6.48,60000.0,30606.0,388800.0,198326.88
002822.SZ,20190613,6.65,60000.0,30606.0,399000.0,203529.9
002822.SZ,20190612,6.46,60000.0,30606.0,387600.0,197714.76
002822.SZ,20190611,6.47,60000.0,30606.0,388200.0,198020.82
002822.SZ,20190610,6.18,60000.0,30606.0,370800.0,189145.08
002822.SZ,20190606,6.23,60000.0,30606.0,373800.0,190675.38
002822.SZ,20190605,6.3,60000.0,30606.0,378000.0,192817.8
002822.SZ,20190604,6.31,60000.0,30606.0,378600.0,193123.86
002822.SZ,20190603,6.27,60000.0,30606.0,376200.0,191899.62
002822.SZ,20190531,6.12,60000.0,30606.0,367200.0,187308.72
002822.SZ,20190530,6.09,60000.0,30606.0,365400.0,186390.54
002822.SZ,20190529,5.89,60000.0,30606.0,353400.0,180269.34
002822.SZ,20190528,5.7,60000.0,30606.0,342000.0,174454.2
002822.SZ,20190527,5.49,60000.0,30606.0,329400.0,168026.94
002822.SZ,20190524,5.34,60000.0,30606.0,320400.0,163436.04
002822.SZ,20190523,5.39,60000.0,30606.0,323400.0,164966.34
002822.SZ,20190522,5.36,60000.0,30606.0,321600.0,164048.16
002822.SZ,20190521,5.37,60000.0,30606.0,322200.0,164354.22
002822.SZ,20190520,5.3,60000.0,30606.0,318000.0,162211.8
002822.SZ,20190517,5.29,60000.0,30606.0,317400.0,161905.74
002822.SZ,20190516,5.5,60000.0,30606.0,330000.0,168333.0
002822.SZ,20190515,5.5,60000.0,30606.0,330000.0,168333.0
002822.SZ,20190514,5.45,60000.0,30606.0,327000.0,166802.7
002822.SZ,20190513,5.4,60000.0,30606.0,324000.0,165272.4
002822.SZ,20190510,5.43,60000.0,30606.0,325800.0,166190.58
002822.SZ,20190509,5.3,60000.0,30606.0,318000.0,162211.8
002822.SZ,20190508,5.3,60000.0,30606.0,318000.0,162211.8
002822.SZ,20190507,5.31,60000.0,30606.0,318600.0,162517.86
002822.SZ,20190506,5.23,60000.0,30606.0,313800.0,160069.38
002822.SZ,20190430,5.75,60000.0,30606.0,345000.0,175984.5
002822.SZ,20190429,5.59,60000.0,30606.0,335400.0,171087.54
002822.SZ,20190426,5.9,60000.0,30606.0,354000.0,180575.4
002822.SZ,20190425,5.98,60000.0,30606.0,358800.0,183023.88
002822.SZ,20190424,6.28,60000.0,30606.0,376800.0,192205.68
002822.SZ,20190423,6.21,60000.0,30606.0,372600.0,190063.26
002822.SZ,20190422,6.49,60000.0,30606.0,389400.0,198632.94
002822.SZ,20190419,6.36,60000.0,30606.0,381600.0,194654.16
002822.SZ,20190418,6.26,60000.0,30606.0,375600.0,191593.56
002822.SZ,20190417,6.33,60000.0,30606.0,379800.0,193735.98
002822.SZ,20190416,6.24,60000.0,30606.0,374400.0,190981.44
002822.SZ,20190415,6.17,60000.0,30606.0,370200.0,188839.02
002822.SZ,20190412,6.2,60000.0,30606.0,372000.0,189757.2
002822.SZ,20190411,6.2,60000.0,30606.0,372000.0,189757.2
002822.SZ,20190410,6.31,60000.0,30606.0,378600.0,193123.86
002822.SZ,20190409,6.38,60000.0,30606.0,382800.0,195266.28
002822.SZ,20190408,6.3,60000.0,30606.0,378000.0,192817.8
002822.SZ,20190404,6.35,60000.0,30606.0,381000.0,194348.1
002822.SZ,20190403,6.34,60000.0,30606.0,380400.0,194042.04
002822.SZ,20190402,6.25,60000.0,30606.0,375000.0,191287.5
002822.SZ,20190401,6.21,60000.0,30606.0,372600.0,190063.26
002822.SZ,20190329,6.07,60000.0,30606.0,364200.0,185778.42
002822.SZ,20190328,5.94,60000.0,30606.0,356400.0,181799.64
002822.SZ,20190327,6.04,60000.0,30606.0,362400.0,184860.24
002822.SZ,20190326,6.1,60000.0,30606.0,366000.0,186696.6
002822.SZ,20190325,6.43,60000.0,30606.0,385800.0,196796.58
002822.SZ,20190322,6.36,60000.0,30606.0,381600.0,194654.16
002822.SZ,20190321,6.2,60000.0,30606.0,372000.0,189757.2
002822.SZ,20190320,6.2,60000.0,30606.0,372000.0,189757.2
002822.SZ,20190319,6.3,60000.0,30606.0,378000.0,192817.8
002822.SZ,20190318,6.4,60000.0,30606.0,384000.0,195878.4
002822.SZ,20190315,6.24,60000.0,30606.0,374400.0,190981.44
002822.SZ,20190314,6.1,60000.0,30606.0,366000.0,186696.6
002822.SZ,20190313,6.04,60000.0,30606.0,362400.0,184860.24
002822.SZ,20190312,6.1,60000.0,30606.0,366000.0,186696.6
002822.SZ,20190311,5.97,60000.0,30606.0,358200.0,182717.82
002822.SZ,20190308,5.74,60000.0,30606.0,344400.0,175678.44
002822.SZ,20190307,6.18,60000.0,30606.0,370800.0,189145.08
002822.SZ,20190306,6.11,60000.0,30606.0,366600.0,187002.66
002822.SZ,20190305,5.91,60000.0,30606.0,354600.0,180881.46
002822.SZ,20190304,5.86,60000.0,30606.0,351600.0,179351.16
002822.SZ,20190301,5.87,60000.0,30606.0,352200.0,179657.22
002822.SZ,20190228,5.79,60000.0,30606.0,347400.0,177208.74
002822.SZ,20190227,5.83,60000.0,30606.0,349800.0,178432.98
002822.SZ,20190226,5.72,60000.0,30606.0,343200.0,175066.32
002822.SZ,20190225,5.76,60000.0,30606.0,345600.0,176290.56
002822.SZ,20190222,5.53,60000.0,30606.0,331800.0,169251.18
002822.SZ,20190221,5.43,60000.0,30606.0,325800.0,166190.58
002822.SZ,20190220,5.48,60000.0,30606.0,328800.0,167720.88
002822.SZ,20190219,5.5,60000.0,30606.0,330000.0,168333.0
002822.SZ,20190218,5.56,60000.0,30606.0,333600.0,170169.36
002822.SZ,20190215,5.41,60000.0,30606.0,324600.0,165578.46
002822.SZ,20190214,5.42,60000.0,30606.0,325200.0,165884.52
002822.SZ,20190213,5.46,60000.0,30606.0,327600.0,167108.76
002822.SZ,20190212,5.41,60000.0,30606.0,324600.0,165578.46
002822.SZ,20190211,5.4,60000.0,30606.0,324000.0,165272.4
002822.SZ,20190201,5.34,60000.0,30606.0,320400.0,163436.04
002822.SZ,20190131,5.19,60000.0,30606.0,311400.0,158845.14
002822.SZ,20190130,5.22,60000.0,30606.0,313200.0,159763.32
002822.SZ,20190129,5.16,60000.0,30606.0,309600.0,157926.96
002822.SZ,20190128,5.18,60000.0,30606.0,310800.0,158539.08
002822.SZ,20190125,5.22,60000.0,30606.0,313200.0,159763.32
002822.SZ,20190124,5.28,60000.0,30606.0,316800.0,161599.68
002822.SZ,20190123,5.23,60000.0,30606.0,313800.0,160069.38
002822.SZ,20190122,5.24,60000.0,30606.0,314400.0,160375.44
002822.SZ,20190121,5.29,60000.0,30606.0,317400.0,161905.74
002822.SZ,20190118,5.26,60000.0,30606.0,315600.0,160987.56
002822.SZ,20190117,5.25,60000.0,30606.0,315000.0,160681.5
002822.SZ,20190116,5.36,60000.0,30606.0,321600.0,164048.16
002822.SZ,20190115,5.39,60000.0,30606.0,323400.0,164966.34
002822.SZ,20190114,5.32,60000.0,30606.0,319200.0,162823.92
002822.SZ,20190111,5.32,60000.0,30606.0,319200.0,162823.92
002822.SZ,20190110,5.26,60000.0,30606.0,315600.0,160987.56
002822.SZ,20190109,5.3,60000.0,30606.0,318000.0,162211.8
002822.SZ,20190108,5.32,60000.0,30606.0,319200.0,162823.92
002822.SZ,20190107,5.33,60000.0,30606.0,319800.0,163129.98
002822.SZ,20190104,5.28,60000.0,30606.0,316800.0,161599.68
002822.SZ,20190103,5.2,60000.0,30606.0,312000.0,159151.2
002822.SZ,20190102,5.15,60000.0,30606.0,309000.0,157620.9
002822.SZ,20181228,5.18,60000.0,30606.0,310800.0,158539.08
002822.SZ,20181227,5.09,60000.0,30606.0,305400.0,155784.54
002822.SZ,20181226,5.22,60000.0,30606.0,313200.0,159763.32
002822.SZ,20181225,5.2,60000.0,30606.0,312000.0,159151.2
002822.SZ,20181224,5.26,60000.0,30606.0,315600.0,160987.56
002822.SZ,20181221,5.22,60000.0,30606.0,313200.0,159763.32
002822.SZ,20181220,5.3,60000.0,30606.0,318000.0,162211.8
002822.SZ,20181219,5.39,60000.0,30606.0,323400.0,164966.34
002822.SZ,20181218,5.64,60000.0,30606.0,338400.0,172617.84
002822.SZ,20181217,5.87,60000.0,30606.0,352200.0,179657.22
002822.SZ,20181214,5.49,60000.0,30606.0,329400.0,168026.94
002822.SZ,20181213,5.65,60000.0,30606.0,339000.0,172923.9
002822.SZ,20181212,5.53,60000.0,30606.0,331800.0,169251.18
002822.SZ,20181211,5.5,60000.0,30606.0,330000.0,168333.0
002822.SZ,20181210,5.39,60000.0,30606.0,323400.0,164966.34
002822.SZ,20181207,5.51,60000.0,30606.0,330600.0,168639.06
002822.SZ,20181206,5.4,60000.0,30606.0,324000.0,165272.4
002822.SZ,20181205,5.5,60000.0,30606.0,330000.0,168333.0
002822.SZ,20181204,5.5,60000.0,30606.0,330000.0,168333.0
002822.SZ,20181203,5.43,60000.0,30606.0,325800.0,166190.58
002822.SZ,20181130,5.28,60000.0,30606.0,316800.0,161599.68
002822.SZ,20181129,5.2,60000.0,30606.0,312000.0,159151.2
002822.SZ,20181128,5.37,60000.0,30606.0,322200.0,164354.22
002822.SZ,20181127,5.33,60000.0,30606.0,319800.0,163129.98
002822.SZ,20181126,5.27,60000.0,30606.0,316200.0,161293.62
002822.SZ,20181123,5.23,60000.0,30606.0,313800.0,160069.38
002822.SZ,20181122,5.56,60000.0,30606.0,333600.0,170169.36
002822.SZ,20181121,5.56,60000.0,30606.0,333600.0,170169.36
002822.SZ,20181120,5.49,60000.0,30606.0,329400.0,168026.94
002822.SZ,20181119,5.74,60000.0,30606.0,344400.0,175678.44
002822.SZ,20181116,5.63,60000.0,30606.0,337800.0,172311.78
002822.SZ,20181115,5.68,60000.0,30606.0,340800.0,173842.08
002822.SZ,20181114,5.52,60000.0,30606.0,331200.0,168945.12
002822.SZ,20181113,5.55,60000.0,30606.0,333000.0,169863.3
002822.SZ,20181112,5.45,60000.0,30606.0,327000.0,166802.7
002822.SZ,20181109,5.27,60000.0,30606.0,316200.0,161293.62
002822.SZ,20181108,5.31,60000.0,30606.0,318600.0,162517.86
002822.SZ,20181107,5.35,60000.0,30606.0,321000.0,163742.1
002822.SZ,20181106,5.34,60000.0,30606.0,320400.0,163436.04
002822.SZ,20181105,5.4,60000.0,30606.0,324000.0,165272.4
002822.SZ,20181102,5.38,60000.0,30606.0,322800.0,164660.28
002822.SZ,20181101,5.27,60000.0,30606.0,316200.0,161293.62
002822.SZ,20181031,5.26,60000.0,30606.0,315600.0,160987.56
002822.SZ,20181030,5.21,60000.0,30606.0,312600.0,159457.26
002822.SZ,20181029,5.1,60000.0,30606.0,306000.0,156090.6
002822.SZ,20181026,5.2,60000.0,30606.0,312000.0,159151.2
002822.SZ,20181025,5.19,60000.0,30606.0,311400.0,158845.14
002822.SZ,20181024,5.33,60000.0,30606.0,319800.0,163129.98
002822.SZ,20181023,5.3,60000.0,30606.0,318000.0,162211.8
002822.SZ,20181022,5.47,60000.0,30606.0,328200.0,167414.82
002822.SZ,20181019,5.31,60000.0,30606.0,318600.0,162517.86
002822.SZ,20181018,5.2,60000.0,30606.0,312000.0,159151.2
002822.SZ,20181017,5.2,60000.0,30606.0,312000.0,159151.2
002822.SZ,20181016,5.21,60000.0,30606.0,312600.0,159457.26
002822.SZ,20181015,5.28,60000.0,30606.0,316800.0,161599.68
002822.SZ,20181012,5.28,60000.0,30606.0,316800.0,161599.68
002822.SZ,20181011,5.15,60000.0,30606.0,309000.0,157620.9
002822.SZ,20181010,5.44,60000.0,30606.0,326400.0,166496.64
002822.SZ,20181009,5.39,60000.0,30606.0,323400.0,164966.34
002822.SZ,20181008,5.36,60000.0,30606.0,321600.0,164048.16
002822.SZ,20180928,5.52,60000.0,30606.0,331200.0,168945.12
002822.SZ,20180927,5.5,60000.0,30606.0,330000.0,168333.0
002822.SZ,20180926,5.68,60000.0,30606.0,340800.0,173842.08
002822.SZ,20180925,5.7,60000.0,30606.0,342000.0,174454.2
002822.SZ,20180921,5.73,60000.0,30606.0,343800.0,175372.38
002822.SZ,20180920,5.74,60000.0,30606.0,344400.0,175678.44
002822.SZ,20180919,5.85,60000.0,30606.0,351000.0,179045.1
002822.SZ,20180918,5.95,60000.0,30606.0,357000.0,182105.7
002822.SZ,20180917,5.41,60000.0,30606.0,324600.0,165578.46
002822.SZ,20180914,5.4,60000.0,30606.0,324000.0,165272.4
002822.SZ,20180913,5.45,60000.0,30606.0,327000.0,166802.7
002822.SZ,20180912,5.38,60000.0,30606.0,322800.0,164660.28
002822.SZ,20180911,5.37,60000.0,30606.0,322200.0,164354.22
002822.SZ,20180910,5.35,60000.0,30606.0,321000.0,163742.1
002822.SZ,20180907,5.45,60000.0,30606.0,327000.0,166802.7
002822.SZ,20180906,5.4,60000.0,30606.0,324000.0,165272.4
002822.SZ,20180905,5.4,60000.0,30606.0,324000.0,165272.4
002822.SZ,20180904,5.48,60000.0,30606.0,328800.0,167720.88
002822.SZ,20180903,5.46,60000.0,30606.0,327600.0,167108.76
002822.SZ,20180831,5.51,60000.0,30606.0,330600.0,168639.06
002822.SZ,20180830,5.37,60000.0,30606.0,322200.0,164354.22
002822.SZ,20180829,5.52,60000.0,30606.0,331200.0,168945.12
002822.SZ,20180828,5.57,60000.0,30606.0,334200.0,170475.42
002822.SZ,20180827,5.59,60000.0,30606.0,335400.0,171087.54
002822.SZ,20180824,5.51,60000.0,30606.0,330600.0,168639.06
002822.SZ,20180823,5.52,60000.0,30606.0,331200.0,168945.12
002822.SZ,20180822,5.45,60000.0,30606.0,327000.0,166802.7
002822.SZ,20180821,5.54,60000.0,30606.0,332400.0,169557.24
002822.SZ,20180820,5.49,60000.0,30606.0,329400.0,168026.94
002822.SZ,20180817,5.42,60000.0,30606.0,325200.0,165884.52
002822.SZ,20180816,5.55,60000.0,30606.0,333000.0,169863.3
002822.SZ,20180815,5.66,60000.0,30606.0,339600.0,173229.96
002822.SZ,20180814,5.84,60000.0,30606.0,350400.0,178739.04
002822.SZ,20180813,5.63,60000.0,30606.0,337800.0,172311.78
002822.SZ,20180810,5.72,60000.0,30606.0,343200.0,175066.32
002822.SZ,20180809,5.78,60000.0,30606.0,346800.0,176902.68
002822.SZ,20180808,5.71,60000.0,30606.0,342600.0,174760.26
002822.SZ,20180807,5.67,60000.0,30606.0,340200.0,173536.02
002822.SZ,20180806,5.57,60000.0,30606.0,334200.0,170475.42
002822.SZ,20180803,5.6,60000.0,30606.0,336000.0,171393.6
002822.SZ,20180802,5.76,60000.0,30606.0,345600.0,176290.56
002822.SZ,20180801,5.93,60000.0,30606.0,355800.0,181493.58
002822.SZ,20180731,5.95,60000.0,30606.0,357000.0,182105.7
002822.SZ,20180730,5.92,60000.0,30606.0,355200.0,181187.52
002822.SZ,20180727,6.0,60000.0,30606.0,360000.0,183636.0
002822.SZ,20180726,6.23,60000.0,30606.0,373800.0,190675.38
002822.SZ,20180725,6.21,60000.0,30606.0,372600.0,190063.26
002822.SZ,20180724,6.29,60000.0,30606.0,377400.0,192511.74
002822.SZ,20180723,5.72,60000.0,30606.0,343200.0,175066.32
002822.SZ,20180720,5.62,60000.0,30606.0,337200.0,172005.72
002822.SZ,20180719,5.57,60000.0,30606.0,334200.0,170475.42
002822.SZ,20180718,5.55,60000.0,30606.0,333000.0,169863.3
002822.SZ,20180717,5.6,60000.0,30606.0,336000.0,171393.6
002822.SZ,20180716,5.55,60000.0,30606.0,333000.0,169863.3
002822.SZ,20180713,5.6,60000.0,30606.0,336000.0,171393.6
002822.SZ,20180712,5.63,60000.0,30606.0,337800.0,172311.78
002822.SZ,20180711,5.53,60000.0,30606.0,331800.0,169251.18
002822.SZ,20180710,5.62,60000.0,30606.0,337200.0,172005.72
002822.SZ,20180709,5.54,60000.0,30606.0,332400.0,169557.24
002822.SZ,20180706,5.44,60000.0,30606.0,326400.0,166496.64
002822.SZ,20180705,5.55,60000.0,30606.0,333000.0,169863.3
002822.SZ,20180704,5.63,60000.0,30606.0,337800.0,172311.78
002822.SZ,20180703,5.65,60000.0,30606.0,339000.0,172923.9
002822.SZ,20180702,5.58,60000.0,30606.0,334800.0,170781.48
002822.SZ,20180629,5.75,60000.0,30606.0,345000.0,175984.5
002822.SZ,20180628,5.74,60000.0,30606.0,344400.0,175678.44
002822.SZ,20180627,5.73,60000.0,30606.0,343800.0,175372.38
002822.SZ,20180626,5.79,60000.0,30606.0,347400.0,177208.74
002822.SZ,20180625,5.73,60000.0,30606.0,343800.0,175372.38
002822.SZ,20180622,5.74,60000.0,30606.0,344400.0,175678.44
002822.SZ,20180621,5.61,60000.0,30606.0,336600.0,171699.66
002822.SZ,20180620,5.92,60000.0,30606.0,355200.0,181187.52
002822.SZ,20180619,5.86,60000.0,30606.0,351600.0,179351.16
002822.SZ,20180615,6.4,60000.0,30606.0,384000.0,195878.4
002822.SZ,20180614,6.5,60000.0,30606.0,390000.0,198939.0
002822.SZ,20180613,6.56,60000.0,30606.0,393600.0,200775.36
002822.SZ,20180612,6.72,60000.0,30606.0,403200.0,205672.32
002822.SZ,20180611,6.64,60000.0,30606.0,398400.0,203223.84
002822.SZ,20180608,6.71,60000.0,30606.0,402600.0,205366.26
002822.SZ,20180607,6.83,60000.0,30606.0,409800.0,209038.98
002822.SZ,20180606,6.95,60000.0,30606.0,417000.0,212711.7
002822.SZ,20180605,7.01,60000.0,30606.0,420600.0,214548.06
002822.SZ,20180604,6.88,60000.0,30606.0,412800.0,210569.28
002822.SZ,20180601,6.81,60000.0,30606.0,408600.0,208426.86
002822.SZ,20180531,6.89,60000.0,30606.0,413400.0,210875.34
002822.SZ,20180530,6.75,60000.0,30606.0,405000.0,206590.5
002822.SZ,20180529,7.1,60000.0,30606.0,426000.0,217302.6
002822.SZ,20180528,7.06,60000.0,30606.0,423600.0,216078.36
002822.SZ,20180525,7.28,60000.0,30606.0,436800.0,222811.68
002822.SZ,20180524,7.47,60000.0,30606.0,448200.0,228626.82
002822.SZ,20180523,7.28,60000.0,30606.0,436800.0,222811.68
002822.SZ,20180522,7.39,60000.0,30606.0,443400.0,226178.34
002822.SZ,20180521,7.27,60000.0,30606.0,436200.0,222505.62
002822.SZ,20180518,7.21,60000.0,30606.0,432600.0,220669.26
002822.SZ,20180517,7.24,60000.0,30606.0,434400.0,221587.44
002822.SZ,20180516,7.14,60000.0,30606.0,428400.0,218526.84
002822.SZ,20180515,7.26,60000.0,30606.0,435600.0,222199.56
002822.SZ,20180514,7.19,60000.0,30606.0,431400.0,220057.14
002822.SZ,20180511,7.68,60000.0,30606.0,460800.0,235054.08
002822.SZ,20180510,7.55,60000.0,30606.0,453000.0,231075.3
002822.SZ,20180509,7.35,60000.0,30606.0,441000.0,224954.1
002822.SZ,20180508,7.44,60000.0,30606.0,446400.0,227708.64
002822.SZ,20180507,7.07,60000.0,30606.0,424200.0,216384.42
002822.SZ,20180504,6.9,60000.0,30606.0,414000.0,211181.4
002822.SZ,20180503,6.94,60000.0,30606.0,416400.0,212405.64
002822.SZ,20180502,6.9,60000.0,30606.0,414000.0,211181.4
002822.SZ,20180427,7.02,60000.0,30606.0,421200.0,214854.12
002822.SZ,20180426,7.12,60000.0,30606.0,427200.0,217914.72
002822.SZ,20180425,7.12,60000.0,30606.0,427200.0,217914.72
002822.SZ,20180424,7.19,60000.0,30606.0,431400.0,220057.14
002822.SZ,20180423,7.03,60000.0,30606.0,421800.0,215160.18
002822.SZ,20180420,7.17,60000.0,30606.0,430200.0,219445.02
002822.SZ,20180419,7.28,60000.0,30606.0,436800.0,222811.68
002822.SZ,20180418,7.29,60000.0,30606.0,437400.0,223117.74
002822.SZ,20180417,7.1,60000.0,30606.0,426000.0,217302.6
002822.SZ,20180416,7.37,60000.0,30606.0,442200.0,225566.22
002822.SZ,20180413,7.67,60000.0,30606.0,460200.0,234748.02
002822.SZ,20180412,7.59,60000.0,30606.0,455400.0,232299.54
002822.SZ,20180411,7.69,60000.0,30606.0,461400.0,235360.14
002822.SZ,20180410,7.45,60000.0,30606.0,447000.0,228014.7
002822.SZ,20180409,7.4,60000.0,30606.0,444000.0,226484.4
002822.SZ,20180404,7.48,60000.0,30606.0,448800.0,228932.88
002822.SZ,20180403,7.73,60000.0,30606.0,463800.0,236584.38
002822.SZ,20180402,7.8,60000.0,30606.0,468000.0,238726.8
002822.SZ,20180330,8.05,60000.0,30606.0,483000.0,246378.3
002822.SZ,20180329,8.06,60000.0,30606.0,483600.0,246684.36
002822.SZ,20180328,8.3,60000.0,30606.0,498000.0,254029.8
002822.SZ,20180327,8.1,60000.0,30606.0,486000.0,247908.6
002822.SZ,20180326,7.77,60000.0,30606.0,466200.0,237808.62
002822.SZ,20180323,7.74,60000.0,30606.0,464400.0,236890.44
002822.SZ,20180322,8.6,60000.0,30606.0,516000.0,263211.6
002822.SZ,20180321,8.01,60000.0,30606.0,480600.0,245154.06
002822.SZ,20180320,7.28,60000.0,30606.0,436800.0,222811.68
002822.SZ,20180319,7.29,60000.0,30606.0,437400.0,223117.74
002822.SZ,20180316,7.16,60000.0,30606.0,429600.0,219138.96
002822.SZ,20180315,7.15,60000.0,30606.0,429000.0,218832.9
002822.SZ,20180314,7.27,60000.0,30606.0,436200.0,222505.62
002822.SZ,20180313,7.51,60000.0,30606.0,450600.0,229851.06
002822.SZ,20180312,7.47,60000.0,30606.0,448200.0,228626.82
002822.SZ,20180309,7.43,60000.0,30606.0,445800.0,227402.58
002822.SZ,20180308,7.24,60000.0,30606.0,434400.0,221587.44
002822.SZ,20180307,7.07,60000.0,30606.0,424200.0,216384.42
002822.SZ,20180306,7.19,60000.0,30606.0,431400.0,220057.14
002822.SZ,20180305,7.15,60000.0,30606.0,429000.0,218832.9
002822.SZ,20180302,7.07,60000.0,30606.0,424200.0,216384.42
002822.SZ,20180301,7.12,60000.0,30606.0,427200.0,217914.72
002822.SZ,20180228,7.02,60000.0,30606.0,421200.0,214854.12
002822.SZ,20180227,7.02,60000.0,30606.0,421200.0,214854.12
002822.SZ,20180226,7.11,60000.0,30606.0,426600.0,217608.66
002822.SZ,20180223,6.96,60000.0,30606.0,417600.0,213017.76
002822.SZ,20180222,6.91,60000.0,30606.0,414600.0,211487.46
002822.SZ,20180214,6.83,60000.0,30606.0,409800.0,209038.98
002822.SZ,20180213,6.76,60000.0,30606.0,405600.0,206896.56
002822.SZ,20180212,6.8,60000.0,30606.0,408000.0,208120.8
002822.SZ,20180209,6.48,60000.0,30606.0,388800.0,198326.88
002822.SZ,20180208,6.66,60000.0,30606.0,399600.0,203835.96
002822.SZ,20180207,6.5,60000.0,30606.0,390000.0,198939.0
002822.SZ,20180206,6.37,60000.0,30606.0,382200.0,194960.22
002822.SZ,20180205,7.05,60000.0,30606.0,423000.0,215772.3
002822.SZ,20180202,6.89,60000.0,30606.0,413400.0,210875.34
002822.SZ,20180201,7.0,60000.0,30606.0,420000.0,214242.0
002822.SZ,20180131,7.5,60000.0,30606.0,450000.0,229545.0
002822.SZ,20180130,7.81,60000.0,30606.0,468600.0,239032.86
002822.SZ,20180129,7.89,60000.0,30606.0,473400.0,241481.34
002822.SZ,20180126,8.1,60000.0,30606.0,486000.0,247908.6
002822.SZ,20180125,8.13,60000.0,30606.0,487800.0,248826.78
002822.SZ,20180124,8.17,60000.0,30606.0,490200.0,250051.02
002822.SZ,20180123,8.17,60000.0,30606.0,490200.0,250051.02
002822.SZ,20180122,8.2,60000.0,30606.0,492000.0,250969.2
002822.SZ,20180119,8.7,60000.0,30606.0,522000.0,266272.2
002822.SZ,20180118,8.57,60000.0,30606.0,514200.0,262293.42
002822.SZ,20180117,7.79,60000.0,30606.0,467400.0,238420.74
002822.SZ,20180116,7.63,60000.0,30606.0,457800.0,233523.78
002822.SZ,20180115,7.46,60000.0,30606.0,447600.0,228320.76
002822.SZ,20180112,7.77,60000.0,30606.0,466200.0,237808.62
002822.SZ,20180111,7.83,60000.0,30606.0,469800.0,239644.98
002822.SZ,20180110,7.73,60000.0,30606.0,463800.0,236584.38
002822.SZ,20180109,7.94,60000.0,30606.0,476400.0,243011.64
002822.SZ,20180108,8.05,60000.0,30606.0,483000.0,246378.3
002822.SZ,20180105,8.18,60000.0,30606.0,490800.0,250357.08
002822.SZ,20180104,8.04,60000.0,30606.0,482400.0,246072.24
002822.SZ,20180103,8.07,60000.0,30606.0,484200.0,246990.42
002822.SZ,20180102,7.9,60000.0,30606.0,474000.0,241787.4
002822.SZ,20171229,7.85,60000.0,30606.0,471000.0,240257.1
002822.SZ,20171228,7.76,60000.0,30606.0,465600.0,237502.56
002822.SZ,20171227,7.86,60000.0,30606.0,471600.0,240563.16
002822.SZ,20171226,7.96,60000.0,30606.0,477600.0,243623.76
002822.SZ,20171225,7.8,60000.0,30606.0,468000.0,238726.8
002822.SZ,20171222,8.09,60000.0,30606.0,485400.0,247602.54
002822.SZ,20171221,8.39,60000.0,30606.0,503400.0,256784.34
002822.SZ,20171220,8.64,60000.0,30606.0,518400.0,264435.84
002822.SZ,20171219,9.12,60000.0,30606.0,547200.0,279126.72
002822.SZ,20171218,9.3,60000.0,30606.0,558000.0,284635.8
002822.SZ,20171215,9.48,60000.0,30606.0,568800.0,290144.88
002822.SZ,20171214,9.47,60000.0,30606.0,568200.0,289838.82
002822.SZ,20171213,9.49,60000.0,30606.0,569400.0,290450.94
002822.SZ,20171212,9.48,60000.0,30606.0,568800.0,290144.88
002822.SZ,20171211,9.57,60000.0,30606.0,574200.0,292899.42
002822.SZ,20171208,9.55,60000.0,30606.0,573000.0,292287.3
002822.SZ,20171207,9.51,60000.0,30606.0,570600.0,291063.06
002822.SZ,20171206,9.64,60000.0,30606.0,578400.0,295041.84
002822.SZ,20171205,9.95,60000.0,30606.0,597000.0,304529.7
002822.SZ,20171204,10.02,60000.0,30606.0,601200.0,306672.12
002822.SZ,20171201,10.23,60000.0,30606.0,613800.0,313099.38
002822.SZ,20171130,10.22,60000.0,15000.0,613200.0,153300.0
002822.SZ,20171129,10.45,60000.0,15000.0,627000.0,156750.0
002822.SZ,20171128,10.55,60000.0,15000.0,633000.0,158250.0
002822.SZ,20171127,10.54,60000.0,15000.0,632400.0,158100.0
002822.SZ,20171124,10.46,60000.0,15000.0,627600.0,156900.0
002822.SZ,20171123,10.38,60000.0,15000.0,622800.0,155700.0
002822.SZ,20171122,10.76,60000.0,15000.0,645600.0,161400.0
002822.SZ,20171121,10.87,60000.0,15000.0,652200.0,163050.0
002822.SZ,20171120,10.93,60000.0,15000.0,655800.0,163950.0
002822.SZ,20171117,10.84,60000.0,15000.0,650400.0,162600.0
002822.SZ,20171116,11.33,60000.0,15000.0,679800.0,169950.0
002822.SZ,20171115,11.4,60000.0,15000.0,684000.0,171000.0
002822.SZ,20171114,11.22,60000.0,15000.0,673200.0,168300.0
002822.SZ,20171113,11.85,60000.0,15000.0,711000.0,177750.0
002822.SZ,20171110,11.97,60000.0,15000.0,718200.0,179550.0
002822.SZ,20171109,12.06,60000.0,15000.0,723600.0,180900.0
002822.SZ,20171108,12.24,60000.0,15000.0,734400.0,183600.0
002822.SZ,20171107,11.86,60000.0,15000.0,711600.0,177900.0
002822.SZ,20171106,11.44,60000.0,15000.0,686400.0,171600.0
002822.SZ,20171103,11.31,60000.0,15000.0,678600.0,169650.0
002822.SZ,20171102,11.79,60000.0,15000.0,707400.0,176850.0
002822.SZ,20171101,11.93,60000.0,15000.0,715800.0,178950.0
002822.SZ,20171031,11.34,60000.0,15000.0,680400.0,170100.0
002822.SZ,20171030,11.19,60000.0,15000.0,671400.0,167850.0
002822.SZ,20171027,11.98,60000.0,15000.0,718800.0,179700.0
002822.SZ,20171026,12.48,60000.0,15000.0,748800.0,187200.0
002822.SZ,20171025,12.8,60000.0,15000.0,768000.0,192000.0
002822.SZ,20171024,13.05,60000.0,15000.0,783000.0,195750.0
002822.SZ,20171023,11.86,60000.0,15000.0,711600.0,177900.0
002822.SZ,20171020,10.78,60000.0,15000.0,646800.0,161700.0
002822.SZ,20171019,10.71,60000.0,15000.0,642600.0,160650.0
002822.SZ,20171018,10.83,60000.0,15000.0,649800.0,162450.0
002822.SZ,20171017,11.05,60000.0,15000.0,663000.0,165750.0
002822.SZ,20171016,11.04,60000.0,15000.0,662400.0,165600.0
002822.SZ,20171013,11.36,60000.0,15000.0,681600.0,170400.0
002822.SZ,20171012,11.43,60000.0,15000.0,685800.0,171450.0
002822.SZ,20171011,11.27,60000.0,15000.0,676200.0,169050.0
002822.SZ,20171010,11.3,60000.0,15000.0,678000.0,169500.0
002822.SZ,20171009,11.09,60000.0,15000.0,665400.0,166350.0
002822.SZ,20170929,11.05,60000.0,15000.0,663000.0,165750.0
002822.SZ,20170928,10.93,60000.0,15000.0,655800.0,163950.0
002822.SZ,20170927,11.14,60000.0,15000.0,668400.0,167100.0
002822.SZ,20170926,11.06,60000.0,15000.0,663600.0,165900.0
002822.SZ,20170925,10.98,60000.0,15000.0,658800.0,164700.0
002822.SZ,20170922,11.26,60000.0,15000.0,675600.0,168900.0
002822.SZ,20170921,11.49,60000.0,15000.0,689400.0,172350.0
002822.SZ,20170920,11.87,60000.0,15000.0,712200.0,178050.0
002822.SZ,20170919,11.79,60000.0,15000.0,707400.0,176850.0
002822.SZ,20170918,11.58,60000.0,15000.0,694800.0,173700.0
002822.SZ,20170915,11.5,60000.0,15000.0,690000.0,172500.0
002822.SZ,20170914,11.62,60000.0,15000.0,697200.0,174300.0
002822.SZ,20170913,11.75,60000.0,15000.0,705000.0,176250.0
002822.SZ,20170912,11.73,60000.0,15000.0,703800.0,175950.0
002822.SZ,20170911,12.01,60000.0,15000.0,720600.0,180150.0
002822.SZ,20170908,12.15,60000.0,15000.0,729000.0,182250.0
002822.SZ,20170907,11.96,60000.0,15000.0,717600.0,179400.0
002822.SZ,20170906,11.87,60000.0,15000.0,712200.0,178050.0
002822.SZ,20170905,11.82,60000.0,15000.0,709200.0,177300.0
002822.SZ,20170904,12.12,60000.0,15000.0,727200.0,181800.0
002822.SZ,20170901,12.19,60000.0,15000.0,731400.0,182850.0
002822.SZ,20170831,11.69,60000.0,15000.0,701400.0,175350.0
002822.SZ,20170830,11.81,60000.0,15000.0,708600.0,177150.0
002822.SZ,20170829,11.59,60000.0,15000.0,695400.0,173850.0
002822.SZ,20170828,11.36,60000.0,15000.0,681600.0,170400.0
002822.SZ,20170825,10.94,60000.0,15000.0,656400.0,164100.0
002822.SZ,20170824,10.81,60000.0,15000.0,648600.0,162150.0
002822.SZ,20170823,10.85,60000.0,15000.0,651000.0,162750.0
002822.SZ,20170822,11.01,60000.0,15000.0,660600.0,165150.0
002822.SZ,20170821,11.19,60000.0,15000.0,671400.0,167850.0
002822.SZ,20170818,11.08,60000.0,15000.0,664800.0,166200.0
002822.SZ,20170817,11.3,60000.0,15000.0,678000.0,169500.0
002822.SZ,20170816,11.25,60000.0,15000.0,675000.0,168750.0
002822.SZ,20170815,11.31,60000.0,15000.0,678600.0,169650.0
002822.SZ,20170814,10.72,60000.0,15000.0,643200.0,160800.0
002822.SZ,20170811,10.45,60000.0,15000.0,627000.0,156750.0
002822.SZ,20170810,10.59,60000.0,15000.0,635400.0,158850.0
002822.SZ,20170809,10.83,60000.0,15000.0,649800.0,162450.0
002822.SZ,20170808,10.98,60000.0,15000.0,658800.0,164700.0
002822.SZ,20170807,10.99,60000.0,15000.0,659400.0,164850.0
002822.SZ,20170804,11.16,60000.0,15000.0,669600.0,167400.0
002822.SZ,20170803,11.24,60000.0,15000.0,674400.0,168600.0
002822.SZ,20170802,10.96,60000.0,15000.0,657600.0,164400.0
002822.SZ,20170801,10.95,60000.0,15000.0,657000.0,164250.0
002822.SZ,20170731,10.77,60000.0,15000.0,646200.0,161550.0
002822.SZ,20170728,10.88,60000.0,15000.0,652800.0,163200.0
002822.SZ,20170727,11.08,60000.0,15000.0,664800.0,166200.0
002822.SZ,20170726,10.88,60000.0,15000.0,652800.0,163200.0
002822.SZ,20170725,11.12,60000.0,15000.0,667200.0,166800.0
002822.SZ,20170724,10.79,60000.0,15000.0,647400.0,161850.0
002822.SZ,20170721,10.79,60000.0,15000.0,647400.0,161850.0
002822.SZ,20170720,10.68,60000.0,15000.0,640800.0,160200.0
002822.SZ,20170719,10.87,60000.0,15000.0,652200.0,163050.0
002822.SZ,20170718,10.61,60000.0,15000.0,636600.0,159150.0
002822.SZ,20170717,10.38,60000.0,15000.0,622800.0,155700.0
002822.SZ,20170714,11.52,60000.0,15000.0,691200.0,172800.0
002822.SZ,20170713,11.7,60000.0,15000.0,702000.0,175500.0
002822.SZ,20170712,12.04,60000.0,15000.0,722400.0,180600.0
002822.SZ,20170711,11.56,60000.0,15000.0,693600.0,173400.0
002822.SZ,20170710,11.9,60000.0,15000.0,714000.0,178500.0
002822.SZ,20170707,12.59,60000.0,15000.0,755400.0,188850.0
002822.SZ,20170706,12.57,60000.0,15000.0,754200.0,188550.0
002822.SZ,20170705,12.82,60000.0,15000.0,769200.0,192300.0
002822.SZ,20170704,12.75,60000.0,15000.0,765000.0,191250.0
002822.SZ,20170703,13.0,60000.0,15000.0,780000.0,195000.0
002822.SZ,20170630,12.85,60000.0,15000.0,771000.0,192750.0
002822.SZ,20170629,13.05,60000.0,15000.0,783000.0,195750.0
002822.SZ,20170628,13.09,60000.0,15000.0,785400.0,196350.0
002822.SZ,20170627,13.45,60000.0,15000.0,807000.0,201750.0
002822.SZ,20170626,13.46,60000.0,15000.0,807600.0,201900.0
002822.SZ,20170623,13.69,60000.0,15000.0,821400.0,205350.0
002822.SZ,20170622,13.95,60000.0,15000.0,837000.0,209250.0
002822.SZ,20170621,15.15,60000.0,15000.0,909000.0,227250.0
002822.SZ,20170620,15.08,60000.0,15000.0,904800.0,226200.0
002822.SZ,20170619,15.34,60000.0,15000.0,920400.0,230100.0
002822.SZ,20170616,15.21,60000.0,15000.0,912600.0,228150.0
002822.SZ,20170615,13.83,60000.0,15000.0,829800.0,207450.0
002822.SZ,20170614,12.57,60000.0,15000.0,754200.0,188550.0
002822.SZ,20170613,26.51,30000.0,7500.0,795300.0,198825.0
002822.SZ,20170612,25.92,30000.0,7500.0,777600.0,194400.0
002822.SZ,20170609,26.47,30000.0,7500.0,794100.0,198525.0
002822.SZ,20170608,25.36,30000.0,7500.0,760800.0,190200.0
002822.SZ,20170607,23.83,30000.0,7500.0,714900.0,178725.0
002822.SZ,20170606,21.66,30000.02,7500.0,649800.4332,162450.0
002822.SZ,20170605,21.73,30000.02,7500.0,651900.4346,162975.0
002822.SZ,20170602,21.5,30000.02,7500.0,645000.43,161250.0
002822.SZ,20170601,20.9,30000.02,7500.0,627000.418,156750.0
002822.SZ,20170531,22.15,30000.02,7500.0,664500.443,166125.0
002822.SZ,20170526,22.06,30000.02,7500.0,661800.4412,165450.0
002822.SZ,20170525,21.88,30000.02,7500.0,656400.4376,164100.0
002822.SZ,20170524,21.8,30000.02,7500.0,654000.436,163500.0
002822.SZ,20170523,21.56,30000.02,7500.0,646800.4312,161700.0
002822.SZ,20170522,22.75,30000.02,7500.0,682500.455,170625.0
002822.SZ,20170519,23.8,30000.02,7500.0,714000.476,178500.0
002822.SZ,20170518,24.21,30000.02,7500.0,726300.4842,181575.0
002822.SZ,20170517,24.66,30000.02,7500.0,739800.4932,184950.0
002822.SZ,20170516,24.95,30000.02,7500.0,748500.499,187125.0
002822.SZ,20170515,23.9,30000.02,7500.0,717000.478,179250.0
002822.SZ,20170512,23.62,30000.02,7500.0,708600.4724,177150.0
002822.SZ,20170511,23.56,30000.02,7500.0,706800.4712,176700.0
002822.SZ,20170510,23.39,30000.02,7500.0,701700.4678,175425.0
002822.SZ,20170509,23.31,30000.02,7500.0,699300.4662,174825.0
002822.SZ,20170508,23.01,30000.02,7500.0,690300.4602,172575.0
002822.SZ,20170505,24.1,30000.02,7500.0,723000.482,180750.0
002822.SZ,20170504,23.75,30000.02,7500.0,712500.475,178125.0
002822.SZ,20170503,24.3,30000.02,7500.0,729000.486,182250.0
002822.SZ,20170502,24.1,30000.02,7500.0,723000.482,180750.0
002822.SZ,20170428,24.26,30000.02,7500.0,727800.4852,181950.0
002822.SZ,20170427,24.28,30000.02,7500.0,728400.4856,182100.0
002822.SZ,20170426,23.73,30000.02,7500.0,711900.4746,177975.0
002822.SZ,20170425,23.47,30000.02,7500.0,704100.4694,176025.0
002822.SZ,20170424,23.1,30000.02,7500.0,693000.462,173250.0
002822.SZ,20170421,24.04,30000.02,7500.0,721200.4808,180300.0
002822.SZ,20170420,23.99,30000.02,7500.0,719700.4798,179925.0
002822.SZ,20170419,24.16,30000.02,7500.0,724800.4832,181200.0
002822.SZ,20170418,23.46,30000.02,7500.0,703800.4692,175950.0
002822.SZ,20170417,23.4,30000.02,7500.0,702000.468,175500.0
002822.SZ,20170414,25.04,30000.02,7500.0,751200.5008,187800.0
002822.SZ,20170413,26.11,30000.02,7500.0,783300.5222,195825.0
002822.SZ,20170412,26.12,30000.02,7500.0,783600.5224,195900.0
002822.SZ,20170411,27.19,30000.02,7500.0,815700.5438,203925.0
002822.SZ,20170410,27.42,30000.02,7500.0,822600.5484,205650.0
002822.SZ,20170407,24.93,30000.02,7500.0,747900.4986,186975.0
002822.SZ,20170406,25.38,30000.02,7500.0,761400.5076,190350.0
002822.SZ,20170405,25.32,30000.02,7500.0,759600.5064,189900.0
002822.SZ,20170331,24.7,30000.02,7500.0,741000.494,185250.0
002822.SZ,20170330,24.84,30000.02,7500.0,745200.4968,186300.0
002822.SZ,20170329,25.88,30000.02,7500.0,776400.5176,194100.0
002822.SZ,20170328,28.3,30000.02,7500.0,849000.566,212250.0
002822.SZ,20170327,28.94,30000.02,7500.0,868200.5788,217050.0
002822.SZ,20170324,29.3,30000.02,7500.0,879000.586,219750.0
002822.SZ,20170323,29.58,30000.02,7500.0,887400.5916,221850.0
002822.SZ,20170322,29.74,30000.02,7500.0,892200.5948,223050.0
002822.SZ,20170321,28.81,30000.02,7500.0,864300.5762,216075.0
002822.SZ,20170320,28.66,30000.02,7500.0,859800.5732,214950.0
002822.SZ,20170317,27.81,30000.02,7500.0,834300.5562,208575.0
002822.SZ,20170316,28.14,30000.02,7500.0,844200.5628,211050.0
002822.SZ,20170315,27.23,30000.02,7500.0,816900.5446,204225.0
002822.SZ,20170314,27.55,30000.02,7500.0,826500.551,206625.0
002822.SZ,20170313,27.97,30000.02,7500.0,839100.5594,209775.0
002822.SZ,20170310,27.4,30000.02,7500.0,822000.548,205500.0
002822.SZ,20170309,27.3,30000.02,7500.0,819000.546,204750.0
002822.SZ,20170308,27.94,30000.02,7500.0,838200.5588,209550.0
002822.SZ,20170307,28.24,30000.02,7500.0,847200.5648,211800.0
002822.SZ,20170306,27.12,30000.02,7500.0,813600.5424,203400.0
002822.SZ,20170303,26.33,30000.02,7500.0,789900.5266,197475.0
002822.SZ,20170302,26.89,30000.02,7500.0,806700.5378,201675.0
002822.SZ,20170301,26.7,30000.02,7500.0,801000.534,200250.0
002822.SZ,20170228,27.05,30000.02,7500.0,811500.541,202875.0
002822.SZ,20170227,26.95,30000.02,7500.0,808500.539,202125.0
002822.SZ,20170224,26.87,30000.02,7500.0,806100.5374,201525.0
002822.SZ,20170223,25.36,30000.02,7500.0,760800.5072,190200.0
002822.SZ,20170222,24.56,30000.02,7500.0,736800.4912,184200.0
002822.SZ,20170221,24.69,30000.02,7500.0,740700.4938,185175.0
002822.SZ,20170220,24.42,30000.02,7500.0,732600.4884,183150.0
002822.SZ,20170217,24.87,30000.02,7500.0,746100.4974,186525.0
002822.SZ,20170216,25.4,30000.02,7500.0,762000.508,190500.0
002822.SZ,20170215,25.51,30000.02,7500.0,765300.5102,191325.0
002822.SZ,20170214,25.76,30000.02,7500.0,772800.5152,193200.0
002822.SZ,20170213,25.07,30000.02,7500.0,752100.5014,188025.0
002822.SZ,20170210,24.25,30000.02,7500.0,727500.485,181875.0
002822.SZ,20170209,24.73,30000.02,7500.0,741900.4946,185475.0
002822.SZ,20170208,24.66,30000.02,7500.0,739800.4932,184950.0
002822.SZ,20170207,23.95,30000.02,7500.0,718500.479,179625.0
002822.SZ,20170206,24.12,30000.02,7500.0,723600.4824,180900.0
002822.SZ,20170203,22.96,30000.02,7500.0,688800.4592,172200.0
002822.SZ,20170126,23.09,30000.02,7500.0,692700.4618,173175.0
002822.SZ,20170125,23.07,30000.02,7500.0,692100.4614,173025.0
002822.SZ,20170124,22.77,30000.02,7500.0,683100.4554,170775.0
002822.SZ,20170123,23.41,30000.02,7500.0,702300.4682,175575.0
002822.SZ,20170120,23.22,30000.02,7500.0,696600.4644,174150.0
002822.SZ,20170119,22.59,30000.02,7500.0,677700.4518,169425.0
002822.SZ,20170118,22.48,30000.02,7500.0,674400.4496,168600.0
002822.SZ,20170117,23.33,30000.02,7500.0,699900.4666,174975.0
002822.SZ,20170116,22.41,30000.02,7500.0,672300.4482,168075.0
002822.SZ,20170113,23.4,30000.02,7500.0,702000.468,175500.0
002822.SZ,20170112,24.7,30000.02,7500.0,741000.494,185250.0
002822.SZ,20170111,24.92,30000.02,7500.0,747600.4984,186900.0
002822.SZ,20170110,25.8,30000.02,7500.0,774000.516,193500.0
002822.SZ,20170109,25.86,30000.02,7500.0,775800.5172,193950.0
002822.SZ,20170106,26.05,30000.02,7500.0,781500.521,195375.0
002822.SZ,20170105,27.45,30000.02,7500.0,823500.549,205875.0
002822.SZ,20170104,28.62,30000.02,7500.0,858600.5724,214650.0
002822.SZ,20170103,28.92,30000.02,7500.0,867600.5784,216900.0
002822.SZ,20161230,28.89,30000.02,7500.0,866700.5778,216675.0
002822.SZ,20161229,28.29,30000.02,7500.0,848700.5658,212175.0
002822.SZ,20161228,27.95,30000.02,7500.0,838500.559,209625.0
002822.SZ,20161227,28.66,30000.02,7500.0,859800.5732,214950.0
002822.SZ,20161226,29.0,30000.02,7500.0,870000.58,217500.0
002822.SZ,20161223,28.38,30000.02,7500.0,851400.5676,212850.0
002822.SZ,20161222,30.18,30000.02,7500.0,905400.6036,226350.0
002822.SZ,20161221,30.89,30000.02,7500.0,926700.6178,231675.0
002822.SZ,20161220,31.76,30000.02,7500.0,952800.6352,238200.0
002822.SZ,20161219,31.92,30000.02,7500.0,957600.6384,239400.0
002822.SZ,20161216,33.37,30000.02,7500.0,1001100.6674,250275.0
002822.SZ,20161215,35.3,30000.02,7500.0,1059000.706,264750.0
002822.SZ,20161214,34.89,30000.02,7500.0,1046700.6978,261675.0
002822.SZ,20161213,38.2,30000.02,7500.0,1146000.764,286500.0
002822.SZ,20161212,34.73,30000.02,7500.0,1041900.6946,260475.0
002822.SZ,20161209,31.57,30000.02,7500.0,947100.6314,236775.0
002822.SZ,20161208,28.7,30000.02,7500.0,861000.574,215250.0
002822.SZ,20161207,26.09,30000.02,7500.0,782700.5218,195675.0
002822.SZ,20161206,23.72,30000.02,7500.0,711600.4744,177900.0
002822.SZ,20161205,21.56,30000.02,7500.0,646800.4312,161700.0
002822.SZ,20161202,19.6,30000.02,7500.0,588000.392,147000.0
002822.SZ,20161201,17.82,30000.02,7500.0,534600.3564,133650.0
002822.SZ,20161130,16.2,30000.02,7500.0,486000.324,121500.0
002822.SZ,20161129,14.73,30000.02,7500.0,441900.2946,110475.0
