000012.SZ,000027.SZ,000040.SZ,000055.SZ,600710.SH,000058.SZ,600496.SH,002047.SZ,002135.SZ,002178.SZ,002218.SZ,300001.SZ,002309.SZ,002375.SZ,300117.SZ,300118.SZ,002482.SZ,300160.SZ,601222.SH,601886.SH,002620.SZ,002623.SZ,002641.SZ,601012.SH,300320.SZ,300324.SZ,300393.SZ,603017.SH,300490.SZ,300500.SZ,002822.SZ,603098.SH,603628.SH,300746.SZ,603105.SH,601615.SH,003035.SZ
10.076860848633096,10.960376239334533,2.6194792001027407,4.3865050912079795,6.632728186557136,5.547371272519422,4.1228940394282345,3.1821438267668025,6.297088906363543,3.5859582587071306,4.342081172584182,26.473926520201026,5.1574402975192015,6.858705965691463,3.3895715691298784,12.623245220020998,2.6004171303424983,6.183485526520446,6.683799296648928,7.131160886267018,5.638325171028623,30.97246212604381,6.339198248742603,96.12100933101668,5.447790862036852,3.3701437632477385,7.3367027835851815,9.879574071849666,11.096180652467538,12.356661690227742,5.818986896327862,23.73019728725967,7.8147275480686,9.720343213623188,7.627815105388339,15.550064155858387,11.145620040066724
10.007461838036232,10.920878830303494,2.601497589688579,4.394691206579057,6.623602004246539,5.544074480198617,4.093068204335876,3.1684235714297793,6.269010275369014,3.611113667711363,4.359812175715863,26.868904118598778,5.111229084422742,6.858669522904071,3.379364875194177,12.540576140579773,2.595939328224694,6.168428900254298,6.670135094629423,7.1809815327131705,5.627542007245527,30.77928267184478,6.378192927621466,96.09660487153647,5.435889713045851,3.358759391883042,7.272562951010462,9.907134344872023,11.095518834223695,12.37611752805537,5.827478837862934,23.980998341670016,7.800472314440723,9.722112694752157,7.6028616097360135,15.69250278620423,11.18963356833087
9.942309856369874,10.97527481073751,2.6025935442781583,4.404570973342684,6.631682403628544,5.538096116113596,4.099070325827743,3.168097713143475,6.290008909060402,3.6395337339777614,4.4086477493684395,26.55025826920793,5.046502512151681,6.815399063392132,3.3745119768193046,12.481110311530369,2.5847127022934107,6.161841038908031,6.6556959414979495,7.198816576869242,5.634846311230525,30.4554003515227,6.415268464344793,94.88280788266852,5.425391153510137,3.349859806771592,7.376402790481059,9.948296738874191,11.164555560417977,12.31584981597777,5.838408753748489,24.232299107736644,7.79897071251294,9.72141380383885,7.5889401544907225,15.85427600100252,11.1785209559255
9.92455663043419,11.070713276973038,2.593881591632602,4.407786657787479,6.628622908596695,5.527757816572716,4.078201328638912,3.1705770115526613,6.270288540544815,3.6453948184302387,4.436830509194007,26.60439349909385,5.0041935167118075,6.76371475469721,3.368358908675652,12.269730384992652,2.5746424491391253,6.174516011814418,6.6535433972652225,7.255535558151136,5.64711620424398,30.190869326306668,6.434310286795107,94.37227736913553,5.402523618434584,3.3389840392572503,7.372086525340036,9.955023619495758,11.182274694876535,12.178734618355206,5.848697836374744,24.314873309821287,7.825677083994961,9.726943804543087,7.601676820917214,15.906281839234381,11.223911922506879
9.929949688722633,11.019230385734279,2.5985112964810284,4.422093583518478,6.620556853538462,5.525131196239315,4.044610421962362,3.1769680226077117,6.301339191942391,3.661348862706653,4.449748071342807,26.841922280737172,4.973967076000795,6.741255576069287,3.3754057021009407,11.891973336803222,2.568779012265494,6.173110449895654,6.639537763051128,7.2397553416422,5.654521549661403,29.88476256500805,6.432611159790869,94.0106505007197,5.388594578016379,3.329536069821947,7.560961212293421,9.936853732171627,11.197097076559835,12.169289847547986,5.865787493234279,24.584421498826153,7.821928272212618,9.746593851929628,7.592737810529945,16.025972013746934,11.277637999012189
9.968639390207436,11.095166607363566,2.603041154789982,4.426906834472852,6.621862320452062,5.511069403427113,4.028975083135817,3.1839578186752613,6.294898692403695,3.660314332502593,4.470053632889376,26.381522496458743,4.935592763589406,6.726096329317793,3.3710301646389125,12.288524880795112,2.560625973866511,6.164230972973748,6.635982177337453,7.283157306848727,5.659859920128303,29.607966573226165,6.428564420091753,93.17542044644823,5.369800418450387,3.3198245822172154,7.352357634264836,9.897369208968021,11.237841338421317,12.086814288887503,5.87651728221525,24.59426747273875,7.808435031624883,9.778701592046248,7.57792123173932,16.079546804026037,11.306021089540101
10.014403339329954,11.127282654215023,2.6100951027769925,4.433532396129632,6.614610326898507,5.508504785591885,4.02284209092652,3.186020764945814,6.314550323438235,3.6725502100200385,4.5206992325244215,26.375614910726924,4.937493699911359,6.706454767989574,3.370595074048698,12.43177601946705,2.5522614326517514,6.1760638364558496,6.623992585699997,7.336808195157821,5.6662557902140005,29.33407200150293,6.405634816411034,93.30267613928864,5.3523913973704875,3.3115501438348325,7.4817179599142225,9.89296286392681,11.205369176974106,12.096363932524454,5.877861059997317,24.89696628702341,7.7739246021514745,9.788300136821615,7.575123933528943,16.131404327591255,11.364525168395748
10.046873922526018,11.125532123939813,2.6223232528829357,4.440270180496221,6.617718526235938,5.499974725324087,4.021502427037147,3.1865912014224973,6.314161683746933,3.683104216423673,4.55126615367338,26.68471422384101,4.927631500866106,6.701083060755984,3.364219332128447,11.872331012962722,2.54982767604046,6.161007566913936,6.617195471329593,7.3744074771310695,5.67887487321612,29.16483576159304,6.38759137022185,92.66866071974663,5.343240517158861,3.3034073902620937,7.234550749948623,9.896822720464547,11.259989580416043,12.102258553940002,5.887607174737974,24.911076071015756,7.801547739630862,9.79664718100026,7.567232462894722,16.168538293411338,11.422436865320321
10.049900078932481,11.184205177321589,2.628321228812837,4.444138807013269,6.619225803293349,5.500869056155373,4.018290194219659,3.181223326868176,6.336796111067056,3.69410821371015,4.570882121259672,26.428813017511928,4.931298983545813,6.688085650386581,3.3600817296658967,11.663172255618102,2.545750335380219,6.160852929123357,6.6071108236022935,7.384788278500897,5.68930243264983,28.92495727437418,6.390877909699823,92.54935392123254,5.330098937231284,3.296332911224043,7.365280987282304,9.934656074122124,11.215193035285736,12.054569704596505,5.894565992985308,25.19991689590867,7.7509664665680695,9.79087774889458,7.545591715075842,16.23063768004001,11.464500482137272
10.059633930860311,11.18632670956065,2.639150572209823,4.452953512697024,6.620351562822844,5.498696325689901,4.011514671199718,3.1732898257867506,6.330436511651827,3.706798634883616,4.56908750832072,26.371050721568245,4.9513373517077826,6.665852062314961,3.3578076049253545,11.779656032191479,2.5421960604303404,6.157442418328755,6.596505233136657,7.388049092129878,5.694417442143255,28.757989545102706,6.392915395588044,92.14019449939802,5.316993312659579,3.28952032157789,7.316336623855181,9.958574378474983,11.258678654182583,12.050073797587913,5.898716462401147,25.20565022220358,7.747225652660783,9.7718862249945,7.539153142419936,16.280246712598426,11.508082066914275
10.057047706423415,11.216260404144236,2.6371202098341415,4.454236770254456,6.623097726917361,5.505533253948378,4.0118133907656,3.1634749502059085,6.356733607023775,3.712524013704095,4.581623146544794,26.333071692186216,4.969278326769789,6.652239667945594,3.3513914945538708,11.337163878516026,2.5418384938430063,6.149090460799603,6.5871723211822655,7.396659148087646,5.70458071568753,28.578932670887763,6.397832679487439,91.28257669482917,5.30283007151248,3.2833898951809712,7.338861932207922,9.964018843170367,11.221164723409952,12.045615577285432,5.903524677057655,25.464646016759982,7.735198278825053,9.739467775175706,7.525693503373846,16.32640916200128,11.567269642703367
10.062854623669462,11.24730765346041,2.632845826835167,4.460841509532518,6.626182928864333,5.508026750366106,4.016498515891605,3.156941858820926,6.349615337169782,3.7190384840915724,4.587347098066104,26.333810308684523,4.990764023751302,6.647394636592685,3.349214277232225,10.783114887132555,2.5413759164846343,6.14370333895385,6.574893747688271,7.41832581951803,5.7160107028411815,28.429124566931733,6.3995255681639565,90.7118250645823,5.287044267210057,3.277480754909309,7.273981360961236,9.937953923490692,11.24879089342894,12.041215875339406,5.908978333919124,25.456165432452107,7.705792691389744,9.698630601074708,7.505764987837836,16.371575620880208,11.617325784045121
10.064449656137853,11.255586959143765,2.6245530123147534,4.46386108201685,6.629074131718658,5.517942037385644,4.01917926226205,3.1553794989645194,6.3788701434735415,3.722121871795485,4.586495472800995,26.308886327710105,5.021513719584755,6.649230596518781,3.3457960216356435,10.98219104075529,2.539701194895547,6.139015695385085,6.564762133498426,7.442485483233783,5.725368463062593,28.275835994945083,6.39348874952581,89.38609363551937,5.271340420850431,3.2719737184981565,7.3551517155765636,9.91167818994984,11.224355414234356,12.036855916645898,5.914235579146826,25.700790127157205,7.693050569058732,9.660854105927752,7.491962679791093,16.418476859662142,11.671639625550846
10.078079385688493,11.293715244148178,2.612777477276783,4.4675223022343244,6.633443003177145,5.521896353354993,4.019543775363188,3.159485242857607,6.368457790639709,3.726317955878513,4.57125519225462,26.351207260046536,5.02778103941843,6.6582755408266445,3.3435121936094694,11.260228715253326,2.5403292538750497,6.128482014838036,6.55278277532033,7.463843974284588,5.732205249053116,28.14266469072619,6.38575818196049,88.59524401040925,5.255766868103766,3.266613450719931,7.25578462792893,9.892763036005466,11.236929455096266,12.03254337998586,5.9172949099335455,25.690743541641467,7.653796083169942,9.628347192286737,7.47592184779838,16.459429695913755,11.729356189885955
10.089772655199798,11.306713248104089,2.605928896813845,4.4714649812949485,6.637630999125032,5.530705671415547,4.019486661021817,3.16758967343447,6.398457774803045,3.7308708324543973,4.551163040836751,26.181891222972844,5.036611753475211,6.664510941550578,3.3392718840869495,10.82222031450296,2.5396806848454587,6.12449964676269,6.541979535992905,7.479945499741186,5.739571812708375,28.013161046729053,6.373365174303181,87.50531676340154,5.239121769553572,3.261488137438077,7.303860744521468,9.907869493741885,11.225172910195157,12.028268761073397,5.921365595851537,25.92120596028361,7.661203171719009,9.606977739316955,7.45555045808032,16.494871352018983,11.784312063565638
10.106016733690943,11.330895142627476,2.5968280162179456,4.472774730007877,6.642326617894117,5.532017472058287,4.021110631805087,3.1765383721403646,6.389026320200223,3.734916115790444,4.531065239025569,26.096989604991307,5.0332981520672275,6.661942476223665,3.3369979751115784,10.705233961011686,2.5383818541706074,6.1151478311794705,6.530891148044869,7.489491102707239,5.748989881773509,27.895124893105717,6.36416346276476,86.73254198846902,5.222694735419527,3.2564681492185525,7.231833688939299,9.936660557222542,11.225424387980011,12.024034168227507,5.924817291225714,25.915274130327216,7.614823708975942,9.597603738556813,7.438130423463743,16.520539295617994,11.837176217662254
10.114999351704828,11.360990421419626,2.593995253465059,4.4766952647963105,6.6474090470803375,5.5365113768331025,4.022256429020909,3.1816555687328147,6.415858292910594,3.739286125262231,4.511647952554274,26.36668987240192,5.016583374667963,6.654957274983405,3.3326998072284506,11.006698249287084,2.5375506776438472,6.10753224637828,6.520099352809234,7.493912747517752,5.755715802332785,27.779364878477388,6.362999684294154,86.26268655171995,5.2057817709025915,3.2516010237192923,7.272080666385316,9.965130200651284,11.223674091231587,12.01983429299397,5.927659344981393,26.131820874707433,7.6109001943504815,9.598979191274186,7.4219653091919575,16.5462544179342,11.894757536754806
10.129221570396803,11.373214517945684,2.591797727839884,4.4775927114243235,6.652670907399874,5.532621366262834,4.021113197424867,3.179516967300634,6.41219328400588,3.742289996290698,4.491513781840951,26.15481351155626,4.9962888885247185,6.648588074167106,3.3297431891723406,10.708609387595157,2.5362100204248232,6.099955985845376,6.509859973421379,7.497855848078329,5.760490770512719,27.668698237097338,6.366412067826072,85.75457255406724,5.188423588064797,3.2468255915054223,7.212487681340482,9.96769410442224,11.215835707697712,12.015668959834041,5.929917648561373,26.129593839453662,7.5897437184087755,9.606687307608691,7.402536877787554,16.553346315345514,11.95202668981267
10.136641174665218,11.406058071601844,2.5887492775663836,4.479998933392606,6.658204607004455,5.531242396043626,4.019280821992725,3.1697052223800464,6.43949814272413,3.7451413986404987,4.471880149337432,26.007911147115948,4.977585281117209,6.647235155146062,3.32581216270128,10.073517425023486,2.533827721395492,6.091588653317697,6.499466337212844,7.505830427086087,5.76573709325086,27.563180774094143,6.372789091501595,85.80590266138904,5.171166821749027,3.242168500929761,7.253530516541603,9.948701133094644,11.219656130879617,12.011534825579686,5.932233035349256,26.33362674751688,7.564739774704448,9.614237096414037,7.386401121389332,16.55966700469427,12.00788463148711
10.14911825056178,11.425920141695983,2.5889717128427456,4.481250299300607,6.664034830543123,5.521848084840023,4.017576924720274,3.1554196726644,6.433928761356507,3.7474127285872316,4.4536835741042715,26.238029567473834,4.949613805108733,6.652769763243535,3.3225143902648617,10.1118620712509,2.531978149488288,6.082714986311327,6.489707132843298,7.518608021164394,5.771174722622901,27.459871877624884,6.377847987301845,85.53969634572,5.153364046836518,3.237600900437047,7.190065007517347,9.918108225201681,11.208330425876635,12.007430846811783,5.934298863787767,26.3359935914139,7.557157942813337,9.616867422912609,7.371919317976003,16.578072261408288,12.064968240862985
10.156008471617415,11.446558933489602,2.5890137156747492,4.482176580238331,6.670000663716284,5.51570004191664,4.015747350634726,3.141609886920375,6.443687633576046,3.7496311296092015,4.437054011064394,26.017236227709553,4.934055435261131,6.660433078632854,3.3190866988296728,10.36357445714149,2.529566521354874,6.075320510066856,6.479726676032346,7.532735455820999,5.77536512275883,27.361056806676586,6.378674849956268,85.6069355374672,5.135635964353069,3.2331360630400177,7.236793546353583,9.905600465592894,11.213635239324777,12.003354657306284,5.935995908778194,26.52895224968713,7.525041161259484,9.610654239709019,7.356877598981697,16.61533755987356,12.121308368080673
10.168915981096507,11.477567917634277,2.588967384910637,4.483688169274842,6.676197057037539,5.503187735942124,4.0133495723392905,3.1330671251964826,6.434415195244577,3.75194907038789,4.422108211907334,26.054383403398436,4.919103722914661,6.663726712491193,3.3157156306155713,9.93425109882126,2.526782933673238,6.065588589996763,6.470035182539266,7.543902958436837,5.777835497558345,27.26360165847656,6.37552604932802,85.39717828140436,5.117943704631509,3.228758286883229,7.173332234095053,9.916788978965112,11.202348067433363,11.999304948168533,5.937585220195965,26.536946406240617,7.528419310790071,9.594655858706886,7.344335599202907,16.658703707095523,12.176453283409401
10.177372778019162,11.49407474528228,2.5874606410896916,4.483783496902452,6.682551314819172,5.4955759232123125,4.010383437752424,3.1324862327658254,6.435100298746576,3.7541139464387916,4.408829720422609,26.17454639029573,4.90893634513059,6.660252918938825,3.3123573002065863,9.721607178852057,2.52421009867452,6.05776962663883,6.460208744130414,7.550407983848734,5.780523114048307,27.169769400043805,6.368908073424707,85.08850885309889,5.100126992823776,3.2244717214597145,7.213710372264897,9.948479921051053,11.206419301533618,11.9952798851996,5.939111868236951,26.72011165159737,7.492750775447957,9.570419739851449,7.333849956138257,16.716901910020795,12.231734698975085
10.190840303230242,11.521906543775977,2.583828989623775,4.48490654394338,6.689049758443323,5.483762903464168,4.0075193230851145,3.139978193412571,6.427935692259375,3.756308267184214,4.397133425862297,25.869522561750202,4.907842610702183,6.652096814204034,3.3089106489964766,10.124430628536803,2.521660233523777,6.0486565577339295,6.450337244610111,7.553858988494536,5.783402880030694,27.076781879221144,6.3620601831527885,84.83642863570807,5.0826649123833185,3.220265498348871,7.153966835705077,9.974653645511937,11.197144124717411,11.991278143479978,5.9404573612585345,26.733833301778553,7.489766175776528,9.541745179544169,7.323782477359741,16.796363182960828,12.287259849501595
10.199571622032531,11.546609062100874,2.5809379798725804,4.484933589937151,6.69569402901776,5.4786897230503,4.004889072284897,3.152644671685275,6.42458117912364,3.7582623812111926,4.3873794431376565,25.99784523127211,4.911112698326379,6.644469370585337,3.305634059117323,10.049525157826977,2.5188405122466704,6.039999215225388,6.440413054583827,7.557441299530534,5.785260466522406,26.986659285152605,6.357862204441572,84.29563690141123,5.065182349389701,3.216137984780427,7.194748534100899,9.980094582520149,11.198727878907935,11.987298214473583,5.941615676513389,26.908260176286237,7.467165117966673,9.513525132017202,7.315109813975011,16.877379955017126,12.341545264003406
10.213015529916703,11.566340778061171,2.575317793783111,4.485358125997084,6.702462879100514,5.471146692365046,4.002219483446933,3.165187768346514,6.42517296099912,3.7601317374333005,4.379768152138495,26.115906090937038,4.914229617183917,6.642161568334858,3.302024602607112,9.44374246368671,2.51643986925387,6.031250183470383,6.430280725137988,7.563577838842988,5.786332655969276,26.896966240476484,6.356925456081032,84.06620953688306,5.047911098183258,3.212080586376005,7.134146056142927,9.9587961894048,11.192115655491605,11.983338854346938,5.942673825759291,26.927543180536603,7.446503613058498,9.490051865368244,7.308102006557332,16.95693799777407,12.395530294240178
10.221775869729466,11.59544952064186,2.5723198559548837,4.485563640781123,6.7093400113047466,5.4711562538315075,3.99951182394574,3.1711307234825155,6.420180751771353,3.7619013154800545,4.374195772305562,25.84885870822957,4.926195436115657,6.645408055068025,3.298763374060057,9.442863059379558,2.5140821137478095,6.022703660900989,6.420109056626597,7.572593350567099,5.787359460213949,26.809676563063423,6.358634121106812,83.75051479431804,5.031057839705101,3.208088872372741,7.175699395632176,9.931229652502187,11.191082134629585,11.979398779315709,5.943628319240611,27.094101762977587,7.437257529203205,9.474204734540091,7.301178193245932,17.024923629791736,12.449115748136672
10.234896396689615,11.616006360395492,2.5724356642933293,4.4854079390301465,6.716325470520603,5.469027574715977,3.996892559462911,3.165783724432512,6.424216258580054,3.76362285218312,4.3705038446440065,25.921709659255527,4.93329697133054,6.650058471386036,3.2951620329194236,9.713427047605128,2.5117609355255164,6.013534260097494,6.409757143669404,7.582845953510688,5.788514603227034,26.722646024668613,6.360870461899889,83.68900669225405,5.0146973134158035,3.2041555560160955,7.115144136044227,9.916246496776452,11.186861575764391,11.975476858686598,5.944443036660756,27.118760821798453,7.407987293658852,9.466550649140455,7.294923353999054,17.076619113927876,12.502089427485554
10.243584615451173,11.640471916937283,2.5716155601037354,4.485643762825424,6.723400787050293,5.473733995894074,3.9944676239958854,3.1504668948696404,6.41620479361846,3.7653563098151404,4.368724921616069,25.992270465520665,4.940124627832573,6.65118485100941,3.291878485635329,9.276740826099049,2.5096705361298692,6.005303616428538,6.399368752669609,7.591967954986648,5.789126731748421,26.637531931158307,6.36157335178272,83.80842220696714,4.998809219829462,3.2002759118234168,7.156424997379089,9.928871221466757,11.183776153153351,11.971571979767642,5.945152255494815,27.278254923140366,7.407154122228873,9.46542768170233,7.289288032516366,17.101677527477406,12.554669243633693
10.256609071535184,11.666633876244578,2.5707576667458687,4.485274786814983,6.73056135756007,5.475250377095565,3.99218687439687,3.1306564711371996,6.422964499509316,3.767054839125322,4.368004324111395,25.81125679821435,4.945340919380092,6.646595070672101,3.288328244770986,8.938536535901319,2.507748818663936,5.996116694909842,6.388911220281876,7.598694378736152,5.789185934221848,26.55260849222986,6.359784324359406,83.91823544296476,4.983526331811824,3.1964437810812205,7.096074876128584,9.958222725827174,11.181199672869122,11.967683129897555,5.945791415674779,27.30802691271978,7.375701080280466,9.467452316332993,7.283427287634005,17.08296906692562,12.607235233951728
10.26557688215397,11.687287862491939,2.5690890311078523,4.485299985355439,6.737799953694539,5.481817224163931,3.9899373445406354,3.113534216884095,6.411549672782867,3.7687489576917903,4.367376734169978,25.89338830044733,4.9437949472947444,6.638422634288576,3.285016489550496,9.272681721501844,2.505784927109821,5.987642750541228,6.378455595242775,7.603528945411625,5.789282005150703,26.46920710335388,6.355602780275413,84.22397479551347,4.968977984241089,3.192655008741204,7.136696788341676,9.985489504389063,11.176897780735704,11.9638093355464,5.9463593093587495,27.461175089461385,7.371074039428786,9.46853967634966,7.277443229849425,17.024754704827846,12.659464101794601
10.278618798255051,11.713993792684636,2.5665203652729915,4.484977454454846,6.745107876858306,5.483495146382941,3.987735373748667,3.104841370704418,6.419743474520221,3.7704015914254954,4.369153660639391,25.926779403619847,4.9366941132099935,6.631486092981326,3.2815042598966073,9.343085849655292,2.5040138014089424,5.978743077978555,6.368032395130431,7.6081486740434965,5.789388315060625,26.38595562215557,6.350447343935324,84.31420441632326,4.955079659790196,3.188904838466284,7.076323202878859,9.989171020645783,11.175124743164707,11.959949696195228,5.946852994887189,27.495746779904948,7.348290478189126,9.465103981891328,7.271407146125085,16.931039866476095,12.711470287480484
10.287795755827084,11.736962456473936,2.5643953963911628,4.484717896001602,6.752480169051696,5.488363405153328,3.9856159888518423,3.108323130847987,6.407033882126962,3.772028595161947,4.371692602797549,25.713846163853578,4.9304604094193,6.62943935018831,3.2781570864100447,8.798613118666037,2.5022744884505306,5.970054697471662,6.357642096782003,7.614109428590254,5.78921472262347,26.30391920513628,6.346055260131309,84.39561906250557,4.941895715083583,3.185189693178478,7.117028527992435,9.969694909676003,11.170390582591086,11.956103356015817,5.947291979984719,27.643161309063707,7.330705357553204,9.454959743331878,7.264865643999675,16.799624603689793,12.763488394549185
10.300833918343933,11.760022465649367,2.56014969426806,4.484486147585802,6.759911051249965,5.487026075496753,3.983553268417111,3.1205552104724514,6.416571960257366,3.77363652541207,4.374861390893624,25.830989542214517,4.917306531659996,6.632076924623995,3.274669740885759,8.760065407343875,2.5005183740922465,5.961173573268144,6.347325946611677,7.621844623130259,5.78874782552597,26.222002209455127,6.343517712640123,84.2903113132711,4.929485200336922,3.181506248430906,7.0563851341225625,9.94092361054927,11.168735356229362,11.952269516978149,5.947685453250947,27.682208831843344,7.319186515793977,9.437878353409126,7.257786259932407,16.639661816647198,12.81549362727343
10.31017372397232,11.785992716841406,2.554723104927353,4.4840443944365855,6.767394847901244,5.487685696220483,3.981505298368035,3.137457790852225,6.40335406276853,3.7752297929195784,4.378441273816039,25.89460303908159,4.906188237451096,6.635726110723985,3.271279710430771,9.086774465467997,2.4987938838395394,5.952569957117382,6.337055572808538,7.630505550078542,5.788267762827788,26.14106434614545,6.342971183270938,84.02449415323646,4.917791296958959,3.1778515154977196,7.097008121239956,9.927335269296158,11.164131027893628,11.94844742494042,5.948030404329087,27.824437657662614,7.292917661111409,9.415525513842223,7.250324701383046,16.459338746723823,12.86755035855835
10.323144695910523,11.80790759098512,2.548560040589585,4.48380486689034,6.774927390556508,5.48167809523636,3.9794449213441205,3.1516400152444497,6.413107678800474,3.7768222259620603,4.3825506306700515,25.64969677772061,4.896408604771066,6.636116253848831,3.267822809593117,8.728426444835563,2.4970909484691823,5.943551050715996,6.326848618347439,7.638736377264705,5.787831409873149,26.060229971397007,6.343531166238708,83.77534563395844,4.906758434277382,3.174222799951612,7.036378262338483,9.938533425824257,11.162166534751147,11.944636373894596,5.948329617226927,27.867639803066226,7.289209943563581,9.390924151584489,7.242220469934848,16.29526453775609,12.919793056419133
10.33258941895219,11.83293166183637,2.5408035056776272,4.483331825951966,6.782504562590631,5.4774672177392985,3.9773811001327473,3.1545920093052544,6.4005672651975285,3.778407029610011,4.386597079451956,25.76879081230971,4.886910511222435,6.631619154284346,3.264403034564957,8.32653605514261,2.495307614842761,5.93497529835304,6.316676472998889,7.645655330301656,5.787230520311837,25.980178790523304,6.343906658317139,83.42984658222761,4.896398137349582,3.1706179025218137,7.07684750397199,9.968581120700314,11.157986137360835,11.940835698521436,5.948591916990994,28.005171624997804,7.260667767445618,9.367555106763957,7.233468455839995,16.160681979094747,12.97223221123709
10.345502471610828,11.857038734203588,2.5329079727359334,4.48299550574362,6.79012227638251,5.467260749999337,3.975320423391111,3.1438619955764464,6.40933219934209,3.779988733816433,4.3904171548370226,25.81273664450773,4.880480545466652,6.6243960932276895,3.2609664214825,8.524940394889576,2.4935401685674154,5.926003950942371,6.306531268949779,7.6513817003387645,5.786475144147195,25.900219808137102,6.343078067266134,83.26463590337423,4.886663417162607,3.167034620340541,7.016147012604071,9.994536799823408,11.155540579826813,11.937044774743997,5.94882140465224,28.052214461960244,7.254450474669814,9.348379479191607,7.224209268097029,16.057422828165627,13.024830629693255
10.35508600912721,11.879828318007949,2.524814313955048,4.482570757617724,6.797777167545272,5.459858042544013,3.9732442119700706,3.1227418193796823,6.397972258221186,3.7815628086283235,4.393566453165414,25.59176974349385,4.87941975893958,6.618585042643671,3.2575329498509094,8.674159903630883,2.4917437331290255,5.917302533487006,6.296394647969516,7.656810288555862,5.785710614122214,25.82089427299112,6.340694175521314,83.17238818980474,4.877477649782451,3.1634711327737763,7.056530218304751,9.999346979003091,11.151850469173723,11.93326301526246,5.949079452362638,28.185484162780813,7.232222447516461,9.335066258381215,7.214344337498355,15.984763681605175,13.077677003487295
10.367962100151946,11.905157339411222,2.5156478907769446,4.482130241126798,6.805466098716753,5.448024531790903,3.971143981478962,3.0991932307454793,6.405094897043203,3.783130446138579,4.3957904820811,25.747601977590413,4.876930855922245,6.617088819077955,3.2541074728545163,8.17039108031432,2.4899063298690063,5.908414518872407,6.286248967083246,7.662905823245164,5.7849601936213,25.741651359801224,6.337226975423344,83.23071773129004,4.868854526121654,3.1599256293791873,6.99574068695925,9.979342635229068,11.14894256670696,11.92948986864947,5.949349638417778,28.23607110171631,7.2162998819448205,9.327598768368908,7.203905434542595,15.938254906333494,13.130767994752393
10.377683801564913,11.92810873727005,2.5069438804330493,4.481743109754931,6.813186141710306,5.440572971828698,3.9690249415290673,3.082111269232248,6.395707281339419,3.7846940305329895,4.396954821624833,25.72646716578441,4.8800409064610495,6.619452207672589,3.2506651924392926,8.053882851049112,2.4880539494671225,5.899662685294806,6.276088742663651,7.670039329559716,5.784134868546706,25.66291846465398,6.333623165517221,83.42117162802374,4.860728318704668,3.1563966132911716,7.036075221557303,9.951919945629145,11.145660534457175,11.925724816326465,5.949638964026719,28.36547163220198,7.203198779345501,9.324372275799453,7.193022184607877,15.911490695258696,13.184085006835554
10.390532699288688,11.952205339843879,2.4983783912837683,4.481254042227576,6.8209345610689756,5.430558424330361,3.9668933850097563,3.078614755984092,6.400603810337442,3.786253800230134,4.395876764623792,25.516851331707354,4.883899591084303,6.622337721648846,3.24724352404764,8.397829269871092,2.4862051012717794,5.890750695949996,6.2659011001074605,7.677827502244755,5.78321571322399,25.584259770000415,6.330774539955869,83.58582175557807,4.85301970227594,3.152882591935277,6.975223164494358,9.937726755666777,11.142415008057643,11.921967371157098,5.949948479547643,28.419321274916648,7.179617573481581,9.32270975806897,7.181725192964306,15.88614606202924,13.237625655548808
10.4003873943035,11.976698123030301,2.490010431927246,4.480854903608294,6.82870927574986,5.426293376762785,3.964752039156615,3.0862030377341054,6.393610159308521,3.787812616252962,4.392642781697829,25.709229318947607,4.8859880524336745,6.622157359798145,3.243796500657309,8.17636540046814,2.4843246560519914,5.8820265079494405,6.255688662019043,7.6854969303115555,5.782290884742175,25.50601445211094,6.329110676401024,83.77413436878135,4.84570204813309,3.1493822223145145,7.015497053316273,9.949494459179945,11.139392835738729,11.918217075177786,5.950273830471566,28.54520259324984,7.17357457694389,9.319647834238278,7.1700648548266415,15.875199293842634,13.291374205264686
10.413203398086505,11.999711124992203,2.4827659009154077,4.480373933413096,6.836508129906937,5.4206099754690475,3.962598789088605,3.0997082725709717,6.396079265005251,3.789369763345737,4.387568749087203,25.659602447255374,4.888904331881813,6.617793950619971,3.240373913704272,7.73376897912964,2.482458077619097,5.873083497822259,6.245449997886924,7.6924625233005575,5.781377061890339,25.427834186525626,6.328425609453481,83.80117641198377,4.83873825456528,3.145894152429052,6.95461227194843,9.978447340768954,11.13596523660117,11.91447349809049,5.950611202194093,28.60205181725015,7.147396662067262,9.312760003608844,7.158201316571452,15.872897449770381,13.345276773383606
10.423175185635383,12.024413243255054,2.476069017379777,4.479932595449943,6.844328880027295,5.420975598810893,3.9604362283025374,3.1169343869625865,6.391660978842381,3.7909259567641955,4.380950631517919,25.465432177099714,4.890511883021963,6.611334191079632,3.236926755358362,7.846822465275391,2.480597564739207,5.864339679550565,6.235191545012739,7.698693180655309,5.780423921496155,25.349989399396044,6.328063737734744,83.7234291977862,4.8312126739873715,3.142417625459568,6.994842087642984,10.004791872550651,11.133052880196555,11.910736235433141,5.950957836596155,28.724734348347006,7.139941187720632,9.300787668491687,7.146213963929649,15.87358572435342,13.39930761069862
10.435959548469418,12.048035720141147,2.4700784488847463,4.479478324608532,6.852169659915914,5.419762268865133,3.9582703355294893,3.1288888281516867,6.391537207725368,3.7924804812526,4.373060994054162,25.648371196348677,4.886932295842677,6.6063542701890885,3.2335006889992925,8.050831718150938,2.478740867204994,5.8554288198046684,6.224919740698126,7.7046544029628,5.779424633001204,25.272205259934594,6.32729312490857,83.5238576413131,4.821941471859303,3.138951383656172,6.933917192151883,10.00902165769078,11.129578354448268,11.907004907132945,5.951323951450103,28.784339167779798,7.118528524112676,9.283922693244634,7.134195532667778,15.902181171713611,13.453437630142847
10.446046103845127,12.071740081903155,2.465497530238649,4.479001526376491,6.860029208193723,5.423646320921067,3.956103727108075,3.126798507683072,6.389673813662774,3.79403345602024,4.364059141699987,25.580544895847066,4.884784322148091,6.605164385608125,3.2300559425054027,7.591150139679414,2.476896705187464,5.8466362100079765,6.2146412606632975,7.710924477077227,5.778417674211387,25.194690219466892,6.325659121007504,83.22782507748082,4.81075675498668,3.135494383799333,6.974116812596819,9.989963366444936,11.12666165850727,11.903279155966674,5.951715121841735,28.904108293617504,7.103352681258036,9.26367798791031,7.122288533660279,15.943590328305863,13.507621532186125
10.458802274655124,12.09622240271757,2.4614987105534256,4.478559691446687,6.867905427724187,5.424751815944398,3.953937116016751,3.1125626679578655,6.38710689762606,3.795585477113564,4.3543140146474375,25.42316033514583,4.879112065021897,6.607118150867685,3.2266262285045846,7.382905808771998,2.4750751439872,5.837745031889766,6.204364211139943,7.71778946078038,5.777418757264591,25.11722998489639,6.323181926791185,82.97207699512242,4.796953755877726,3.1320461401442956,6.913161074298001,9.962376255980399,11.12323022558143,11.899558646232553,5.9521222706980605,28.96624164894737,7.089424019069867,9.2424086345749,7.110589745897492,15.996146456442371,13.561822123530039
10.469000056578441,12.119581446637461,2.458148627821939,4.478073654568854,6.875797522109687,5.429298771668655,3.9517709851621117,3.0901124737175834,6.387550727014781,3.797136544532572,4.344259310546425,25.60041175442464,4.871594441229682,6.609223874516687,3.223183850895082,7.697729061666706,2.4732582916521286,5.828942367406114,6.194092645243908,7.725092940038396,5.776401129192806,25.039988868709496,6.320288471278573,82.74555107424266,4.7834846190535405,3.1286055293266015,6.953333799026952,9.948822946187931,11.1202439818544,11.89584306242358,5.952552679223674,29.083360360664614,7.067701238937659,9.222623582910373,7.099176862555243,16.068922098919067,13.616007932922106
10.481732736666485,12.143830281605272,2.45635959073712,4.477622444776257,6.88370384138235,5.429625977035492,3.949606759021738,3.067857425084296,6.382838818803954,3.7986873735330002,4.334183182143425,25.502373337564322,4.865710477426649,6.608501678287386,3.2197506089227748,7.594498436738627,2.471460063809332,5.820038412365132,6.183831808183933,7.732404924306291,5.775356552841526,24.96279562124081,6.317555748533419,82.66844963531793,4.769321141326964,3.1251719725048686,6.89235649038775,9.95985986176336,11.116897293982696,11.892132108032538,5.953014018729892,29.14781167151268,7.05986568642234,9.206297029575154,7.088142963954918,16.14791847089803,13.670145581761226
10.49203888420552,12.167792995260056,2.4548976639428286,4.477146089217407,6.891623304645159,5.431916781872488,3.947445633653188,3.0542696070570874,6.385230639504716,3.80023784490556,4.324543630283143,25.363577466829312,4.859586554729923,6.60422939989626,3.216310049469327,7.121277831501386,2.4696747658223392,5.8112390806415934,6.173582176797176,7.73934983626318,5.774307469260542,24.885781877337127,6.315416057510438,82.70569197042204,4.754652298719201,3.121744835289048,6.932508492849386,9.98883459405371,11.113820769775849,11.88842550439471,5.9535105471164265,29.262514155504896,7.035593441447439,9.194357146107805,7.077540865223222,16.228060285772866,13.724206459817895
10.504750222145688,12.191414805226305,2.453584510341896,4.476677667513697,6.899554915983213,5.429024256884521,3.9452876075448664,3.054145643819613,6.378831028093684,3.8017878394409617,4.3153589428245835,25.552794380520314,4.852998329557286,6.598389418422396,3.2128736775370474,7.174215092592947,2.467897608169409,5.802333212388982,6.163344466339373,7.745852233497594,5.773261993185425,24.80880915225972,6.313960177580828,82.83737959370218,4.740317049946914,3.1183235397824,6.871514075828863,10.014424519025072,11.110562141059296,11.88472298962286,5.954045975862977,29.32909067860976,7.0270315215167845,9.186490369568922,7.067390424818434,16.293374593396372,13.7781757851402
10.515158730112699,12.215735748273001,2.4524648334179044,4.476212770259751,6.907497757782274,5.4273312044993185,3.943131726709357,3.065520012605759,6.382651265642136,3.8033375955577844,4.3068668135006325,25.436634908830655,4.850870281912558,6.594061295980189,3.2094344229809133,7.429418641201654,2.466127179673677,5.793517132828061,6.153116531043313,7.752144057083991,5.772208072277031,24.731981076119332,6.312936770395059,83.02756727577624,4.726035509770611,3.114907560500641,6.911650897824822,10.019094791413176,11.1074055309297,11.8810243175914,5.954627054495644,29.44159305809656,7.0065158528348555,9.18128934478744,7.057706379322399,16.338651589206606,13.832039252613388
10.527850238192602,12.239386399656507,2.4505406129987346,4.4757335012604305,6.9154502693168896,5.420350212240544,3.9409779923286052,3.0808834818481428,6.375107438168762,3.804886994046738,4.29920785624899,25.307297888415132,4.84784777635427,6.593052535784247,3.2059957159420827,7.035701514610679,2.4643660781975605,5.7846253075172935,6.142895748304627,7.758565065650821,5.771140090748575,24.65519121785517,6.311914853046375,83.16025346756706,4.71173860978536,3.111496418957194,6.850642325039372,9.99998977071386,11.104215200852366,11.877329256991548,5.955259522878849,29.51011926294538,6.991609912527538,9.176694226991732,7.0484731070923115,16.35943294492438,13.885787802331453
10.538357192943604,12.263374905901657,2.447735197511206,4.475271496713512,6.9234126252640475,5.414765246528042,3.93882616473933,3.097235315310192,6.37979409537698,3.8064361541171126,4.292459543507868,25.496888087579187,4.846583053296138,6.594590069316281,3.202557221884008,6.758174063551913,2.462604708937735,5.775792333512612,6.132678780263207,7.765319124772383,5.770068192719373,24.578518282161834,6.310512220620369,83.22669433597794,4.697292248162311,3.108089679920895,6.890767793623149,9.973154281891361,11.101004144816628,11.873637590436863,5.95594787900834,29.62061506134263,6.9773108818675045,9.170590353963345,7.039645264843286,16.33485234965687,13.939420957457235
10.55103166313241,12.287454560298551,2.4441298876907913,4.474791958130494,6.931383392616887,5.404757681424785,3.936675648750394,3.1059317666158694,6.371681500043479,3.807985194978198,4.286639477513818,25.362799078730482,4.848248484007888,6.596013992624494,3.199117149122909,7.0113918759984015,2.4608465229740695,5.7669043025069975,6.1224625274775235,7.772356477523889,5.768999326976809,24.50187917820567,6.308577460038822,83.1537442693309,4.682536866894878,3.1046869471846525,6.829749159883169,9.959391781604264,11.097853822143417,11.869949113626916,5.956696098916484,29.690924319594,6.95690459559896,9.16138221097253,7.031174188915941,16.26830209267973,13.992943009525158
10.561633326281019,12.311132003113295,2.4394257066392973,4.474324686132722,6.939362386892357,5.397225595762387,3.934526086377356,3.100202344165138,6.37664560370489,3.8095339974207043,4.281772915596571,25.260963202434745,4.848603113097767,6.5948620571527705,3.195678643581168,7.003630318015229,2.4590892428383615,5.7580685011296575,6.112244367343207,7.779443411187066,5.7679266611620506,24.42533618319787,6.306236161387045,82.9715783250013,4.667518478940476,3.101287860290216,6.869864631918129,9.9705356385416,11.094616613736878,11.866263634558463,5.957510979358101,29.79959134515195,6.947754325355632,9.148405383981636,7.022995651461044,16.166938604542747,14.046361111092592
10.574292454213897,12.335281675234185,2.4340149721286357,4.473850740118436,6.947348521927303,5.386789452960083,3.932376881542625,3.082292593345266,6.368540475336902,3.8110826806539206,4.277825732034311,25.446247810782587,4.848970278655989,6.5907188161206935,3.1922377646631035,6.52871632674349,2.4573311719415014,5.749176847676861,6.102022154093047,7.786345734594652,5.766846437675913,24.34882204834704,6.3037958587383685,82.72260308962927,4.652521330924431,3.0978920911467815,6.8088382133460374,9.998789613357221,11.091480021168211,11.862580972785969,5.95839880384132,29.871534741874886,6.925039010727433,9.13205476908226,7.015033709324247,16.028463579186024,14.099688613599968
10.584985254141488,12.359120205120515,2.4273049755711607,4.473376521473096,6.955341474720642,5.380239143453608,3.9302276768461137,3.0593290839041782,6.373235390249976,3.8126312446778474,4.2747499896859695,25.28287671046603,4.851140463116938,6.585441527024171,3.1887989063729165,6.503045269101797,2.455571329900431,5.740338371266606,6.091794934052725,7.792987364929058,5.765763613576416,24.272385361367597,6.3015770471893715,82.45181227732903,4.637522877483082,3.0944993412331687,6.84894719250007,10.02438259039974,11.08823952721391,11.858900958725421,5.95936653852729,29.978534319602876,6.915486569384029,9.113624973678059,7.007215224496566,15.862272657103412,14.152942206347822
10.597631554212425,12.382993821860696,2.4196398741858047,4.472907105121127,6.96334048957398,5.372246852021213,3.9280784720323423,3.0384925066072555,6.36564987731858,3.814179927911064,4.272453872074518,25.21179186583285,4.849290978673743,6.581663465281778,3.185357583813473,6.785626181665412,2.453812440279021,5.7314491996412915,6.0815624688036625,7.7994771201869755,5.764682076346146,24.195973901875583,6.299754391012879,82.25541875909985,4.62274738830607,3.091109338857156,6.787914442768818,10.028821980897607,11.085098027513695,11.855223433000852,5.960422789112659,30.05197607763475,6.895880061065644,9.094907181616243,6.999469191153803,15.675930417464324,14.206138578636692
10.608412554840434,12.407074716685827,2.4116496890678434,4.472430076331189,6.9713453282955715,5.369089323729407,3.9259290288662063,3.0304064357113947,6.369600948744116,3.815728372725702,4.270795029131982,25.394433142759777,4.847756590202753,6.580775585807363,3.1819182212121753,6.47872612368859,2.452051345342099,5.722602160369929,6.071325235183018,7.806011492485343,5.763599408180822,24.119625477705114,6.298289321710644,82.14874933595178,4.608049635122967,3.0877218367970105,6.828018292144961,10.0103345447545,11.081868333198848,11.851548245829667,5.961576850187045,30.15745321262028,6.881016022915027,9.077678840948144,6.991724975121855,15.516528373264332,14.259296327115747
10.621047460193648,12.430844478543804,2.4033080749642863,4.471960491822519,6.9793550749099165,5.3651251889662515,3.9237791088464786,3.0334167231147893,6.362962628648521,3.817276817540339,4.269876914118596,25.210069748033124,4.846063393447283,6.581930669070953,3.178476762848116,6.152744551093031,2.4502904152568594,5.713718375103488,6.061084663702267,7.812727247546526,5.762512112609302,24.043298077258036,6.2969750855993,82.16971409397499,4.593570541742466,3.084336610060772,6.7669810055844515,9.983642812215663,11.078712314264932,11.847875256445317,5.962920008591514,30.232265134341528,6.866600358230244,9.063216929853322,6.983922252585661,15.390243497308791,14.312434048434158
10.631912922810674,12.454867571257791,2.3947984949717527,4.471484719936834,6.987370040060277,5.3658903155268325,3.9216287119738364,3.0457981719790603,6.3657989857267125,3.8188252623549763,4.269477546379196,25.1643407345087,4.841161056853295,6.582777755431659,3.175036658690722,6.331593274020598,2.4485296943121484,5.704865634463612,6.050841469617145,7.8196208773945735,5.76142355265838,23.96702388240734,6.295554897156461,82.28479332618792,4.579493280743193,3.0809534539129872,6.807081035880597,9.970262091777435,11.075498937809181,11.844204332554503,5.964458414423269,30.336355330278828,6.847139266125648,9.051979445855011,6.97600979773736,15.290111126408465,14.365569385566777
10.64453822280882,12.478801927879873,2.3864091971523758,4.471012356170946,6.995389374108395,5.365368163805529,3.919478076710222,3.062206510644357,6.360415746612269,3.8203735879603244,4.269369934798756,25.33372337388483,4.836869098619903,6.581298010297261,3.1715951243158997,6.41030577091177,2.446769616831208,5.695982385283898,6.040597798694865,7.826568362234026,5.760335569522418,23.89076782832516,6.2938547156332705,82.43862557842459,4.56595791848469,3.077572182033137,6.74604007306762,9.980966288693367,11.072326394377713,11.84053534982719,5.966204159067056,30.412422659531924,6.837046914676334,9.043521917415234,6.967943230805176,15.223397322240697,14.418718074139827
10.655485029303666,12.502648567965583,2.3781050147657377,4.470539115220781,7.003412495144902,5.368492765075967,3.917326845375599,3.0766914074227514,6.361892041029953,3.8219219135656726,4.269504953554703,25.138635593429278,4.833546700276038,6.577312633088756,3.168154384004099,5.955101272600171,2.445010250074512,5.687127932386609,6.030354366191164,7.833427967039738,5.759247151845468,23.814555416509407,6.2918562838997385,82.58108942076242,4.552992272558878,3.074192624871733,6.786136723670756,10.009031877435827,11.069128521288135,11.836868191417238,5.968176230821796,30.515244413671972,6.815564549775884,9.036666188210477,6.959689762747956,15.180405138663826,14.471894419268052
10.66810239928381,12.526687025947872,2.370378401386973,4.470064669674008,7.011439563522048,5.369137576542723,3.915175494846274,3.0809928506412705,6.357944313188427,3.8234702391710202,4.269780307398106,25.121657292341432,4.827937008190522,6.572540180039393,3.164712752952644,5.846986579189965,2.443253019100285,5.678244514994727,6.020112602617517,7.840136454220643,5.758156543686182,23.73835669902109,6.289688721834185,82.63496703669973,4.540670220552986,3.0708146281320694,6.725093558291519,10.034127160964953,11.065942358303928,11.833202747511937,5.97038668835455,30.592461187194377,6.805132019473881,9.029859208232743,6.951228361252962,15.157079564483242,14.52510986504325
10.67912756839349,12.550536669936758,2.3634492981553037,4.469592643229971,7.019470049218967,5.371990168881693,3.9130239058940695,3.0717280382903316,6.357945496888542,3.8250184455670784,4.269879843065187,25.272714243601804,4.8250801790664335,6.569218711094879,3.161271540499676,6.125618261159997,2.4414971188511503,5.669387513561649,6.009872746392503,7.846742078812332,5.757064752206598,23.662192873874716,6.287548469906029,82.58709333204789,4.529106453662353,3.067438051404106,6.765187928239713,10.038804461872814,11.062755697983519,11.829538914908621,5.972842331203286,30.694128496067727,6.786280923845309,9.02161733175542,6.942545613806786,15.132744950581767,14.578373471371426
10.691738575915402,12.574485031647841,2.357246060287709,4.4691174985572895,7.027503921978264,5.371174198224081,3.9108719593113372,3.0518876930261847,6.355481950609581,3.8265667711724265,4.2694905056242725,25.065768934437045,4.822985839136669,6.5683981732333425,3.1578297527336536,5.913895431120707,2.439743107435163,5.6605059228530905,5.999635274353279,7.853354451192217,5.755973563411622,23.58604433495472,6.285594760058954,82.4265811031917,4.51828219153247,3.0640627669104683,6.704142588045561,10.020470336350433,11.059560955836716,11.825876596616792,5.975556145271218,30.77239573898636,6.7713789115706735,9.01092414979794,6.933639076315956,15.123923712929855,14.631690006624163
10.702839733492597,12.598454096074619,2.351981357156747,4.468645068519993,7.035540457410605,5.371455727004031,3.9087198935247907,3.0290946528691545,6.354022575828918,3.8281150967777746,4.268448015742345,25.076400009303427,4.819946814158324,6.569197847523502,3.154388136046108,5.545357050603456,2.437991168328396,5.651645009743325,5.9894001864998465,7.860063451390908,5.754882306325191,23.509922422061365,6.283878194237484,82.19336518973074,4.508206828886203,3.0606886583728175,6.744235080387837,9.994340711279317,11.056380256079613,11.82221570148419,5.9787063292875775,30.873009608879247,6.756974573910076,8.997484470571976,6.924516132455051,15.123631147911107,14.685061854987252
10.715445844259916,12.622314626466263,2.347598802768461,4.468170898866767,7.043579665845403,5.36743639225282,3.9065680661517033,3.011547536708096,6.352969534478003,3.8296634223831223,4.266618611143645,25.212834583606003,4.819789670440707,6.569553419946963,3.1509462408319138,5.6535614325219194,2.436241149495908,5.642765635071897,5.979166767576468,7.866880905513255,5.753789785994014,23.433813859494133,6.282327399201307,81.9490167161841,4.498901006646903,3.0573156199749794,6.683188596020457,9.980925654108972,11.05318197376668,11.818556143845358,5.981865965513466,30.95223923782759,6.738184575017453,8.981766445790672,6.9151912640600415,15.12770924144094,14.73848949329785
10.726619309682365,12.646305847028547,2.343795724736682,4.46769727566098,7.05162133712628,5.364117475350739,3.904416238781806,3.008192524886637,6.3501779653705475,3.8312116287791804,4.263973912272146,24.996487494268138,4.820015069708981,6.5678226482545785,3.147504168291822,5.806980452478102,2.434492637658809,5.633902502970175,5.968934540745986,7.87374376182334,5.752696679028739,23.3577267336612,6.280799410395023,81.74426665872616,4.490329376756477,3.0539435554230323,6.723280165715483,9.991579549713226,11.050002717431507,11.814897843191375,5.985541535856704,31.051890626753128,6.727436689706692,8.96483408238384,6.905687158855301,15.16029549544482,14.79196958369585
10.739222369990713,12.67020854439669,2.3408256812202834,4.467223958975012,7.05966551603832,5.356685157706345,3.902263934573676,3.014926910495598,6.350356771858591,3.832759835175239,4.260404953918829,25.03012286714705,4.818560481859466,6.564006814462525,3.1440622226866863,5.393963670999854,2.4327459911729967,5.625023163707072,5.9587030291712395,7.880567969878396,5.751603665386009,23.281651279611346,6.279156585981786,81.63796041958156,4.4824220587228325,3.0505723770874225,6.662232234700479,10.019088773333698,11.046804692283217,11.811240723859463,5.989256514250871,31.132000757600927,6.706940105633418,8.948026281760958,6.896033083605947,15.204657698215453,14.845498311483988
10.750466488090412,12.694123818810763,2.3390925532922635,4.466749806838378,7.067711547334692,5.350416182693455,3.9001121072022826,3.026715054725775,6.346455614666682,3.8343080415712976,4.255988500184541,25.149163908691918,4.819809953380176,6.5596786029796865,3.140619868251391,5.209627489797024,2.431000530405659,5.616159229042498,5.948471279177914,7.8873065334894505,5.750510704735616,23.205593979081847,6.277333879709326,81.63574452252072,4.475142349391816,3.0472020052240456,6.702322522863087,10.044041986290267,11.043623901344873,11.807584714741282,5.99191710158248,31.23077350630527,6.695770689019334,8.932577848460419,6.886262731832684,15.26095607053847,14.899067093593414
10.763066345958293,12.718095162034686,2.337446090517747,4.466276836175185,7.075759981888357,5.341016787673405,3.8979602798319672,3.0426011374935493,6.347606413870147,3.8358562479673557,4.250753154641941,24.928509107090488,4.819404685681385,6.556730106207279,3.1371777067354474,5.464411133063527,2.4292560727142147,5.607280410964565,5.9382390523474315,7.893977791973324,5.74941709438483,23.12954403954905,6.275360774692219,81.72768022268787,4.468442137590234,3.0438323672641894,6.641273691287946,10.048616840203358,11.040428274704915,11.80392974900877,5.995563504356601,31.311690427055115,6.677573411184428,8.919288709178163,6.876413959708399,15.335883501702021,14.952670207978231
10.774378143525848,12.741979950671839,2.335919790707098,4.465802500508978,7.083809714566298,5.333884501267728,3.8958086908791687,3.054464979622591,6.342884690149345,3.837404454363414,4.244819074512207,24.986937703547984,4.817345068134818,6.555933051434005,3.1337351079841405,5.34410226272572,2.4275126049271534,5.598414673289802,5.928006110261212,7.900642040948636,5.748323243702874,23.05350974622775,6.273336567694866,81.86748043134133,4.462264287252061,3.04046339716922,6.681363201959535,10.030753371835996,11.037244598065886,11.800275763856515,5.999505553574571,31.409659412133866,6.662591233066937,8.908328886870551,6.866526454415675,15.415190192532254,15.006297641058117
10.78697742210386,12.765936526101314,2.3341309920408584,4.465329180068011,7.091861321073518,5.324982416089642,3.8936568635084843,3.053353963467636,6.3446962075187,3.8389526607594724,4.238319768587873,25.083707289455184,4.817010666245616,6.556404104699574,3.1302927014451307,4.937531363008719,2.4257697772581825,5.589537137137942,5.917771976082095,7.907355632122283,5.747229211240068,22.97748538069392,6.271373680628498,81.9924721449833,4.456586743820034,3.0370950348427455,6.620313937565596,10.004874706834887,11.034052022530389,11.796622700259597,6.00388110262687,31.491313824711344,6.648269772529357,8.89922521987802,6.856639511288372,15.493575623243192,15.059940809764223
10.798354509881975,12.789866191564538,2.3314137914275967,4.4648553413350935,7.099914434412432,5.3195133472559375,3.8915052745561183,3.041450095864622,6.339480672443235,3.840500867155531,4.231476961225322,24.85989532806466,4.814479744985844,6.556341440145307,3.1268499988917005,4.9805711684482485,2.424027392536588,5.580669759947843,5.9075368882286625,7.914134189244921,5.746135374609047,22.90147097181238,6.2695414874228454,82.0555885805279,4.451334079941928,3.033727225596084,6.660403583985378,9.991719677225445,11.030865386370554,11.79297050274604,6.010036067047758,31.5885526402227,6.629952284632091,8.891023916297637,6.846791177489567,15.554434418369016,15.113590654190544
10.810953843854156,12.813773473470444,2.3281042398545573,4.464381523202402,7.10796893611316,5.313344760064506,3.8893536856036928,3.0210835607963977,6.341618099076248,3.842049073551589,4.224416055856411,24.94379875415465,4.810570314062909,6.554422230797364,3.1234074521294777,5.185910611066231,2.4222855421138174,5.571792628087602,5.897301085119493,7.920946679045181,5.745041565980365,22.825464466120643,6.267837679777024,82.01571851438304,4.4464454437798,3.0303599196615467,6.599353580862498,10.002050710150073,11.0276754894899,11.789319119182938,6.016879481762709,31.67088161652175,6.618641845438452,8.882575463665187,6.837016705414034,15.594446839066359,15.16723906810539
10.822393934611572,12.837733308872004,2.323990979251367,4.463908070548663,7.116024478601558,5.311163649668272,3.8872020966514778,2.9998768386554198,6.336243444501362,3.843597279947647,4.217279860999639,25.01762399944785,4.808990892850126,6.550779587482948,3.1199645351268996,4.832788860957192,2.420543951750481,5.562924704376075,5.887064566754587,7.927744408605464,5.743947122556214,22.749467511673704,6.266197838844402,81.87739520114707,4.44190221460463,3.0269930717497138,6.6394423185056795,10.029276377918881,11.024486579734605,11.785668500575463,6.023061455244434,31.767451174977943,6.598994382234034,8.87285789981149,6.8273458230141335,15.6068208180715,15.22087842211423
10.83499388206597,12.861640059163676,2.319071148595076,4.463434038910815,7.124081676559813,5.308501311279569,3.8850505076990434,2.9862090311949228,6.338378598609154,3.845145486343706,4.210204986489478,24.794078629245725,4.805123690979309,6.546840293936926,3.116521725127358,4.5851368174005795,2.4188025671009696,5.554047840020759,5.876827571552521,7.934494852776671,5.742852828203989,22.673474682813293,6.264534058151086,81.66633909087838,4.437222792891983,3.023626640646412,6.578392180892438,10.053838959749337,11.021298485649684,11.782018600877981,6.029525440793892,31.85039724517755,6.587183816029338,8.861248884396748,6.817802826553033,15.572054670309466,15.274502517334009
10.846494785761305,12.885575351908976,2.312949807509402,4.462960619369877,7.132139483647332,5.309432998791592,3.882899037956048,2.985567699640798,6.333159858811875,3.846693811949054,4.203364759036818,24.899466850467284,4.801484975514734,6.544194114593445,3.113078832201999,4.800620967584284,2.4170615042575676,5.545179011555676,5.866590576350456,7.941202430313708,5.741758421732307,22.59749142063972,6.262780187788521,81.43334811826487,4.431195570603424,3.0202605888460496,6.6184803581683145,10.058553269559397,11.018108260410957,11.77836937681652,6.036186827667056,31.946358214225732,6.569571265960895,8.84767246348264,6.808404591980164,15.497456402923309,15.328105631718826
10.859097262985307,12.909515270158497,2.305979696282127,4.462486938756655,7.140198529739176,5.309207382633435,3.8807475682129913,2.9957374585560332,6.334996435534153,3.848242018345112,4.196901987972225,24.94869800331918,4.800345236051284,6.543388307451326,3.1096357615737267,4.767618124065877,2.4153205701011213,5.536302776224707,5.85635381956697,7.947899556395194,5.74066414884124,22.521512455124363,6.260922221714135,81.23812219747947,4.422942992420064,3.0168948822178816,6.557429942605502,10.040925233758824,11.014921016671952,11.774720787721936,6.04297673793077,32.0298674956562,6.5545114988791875,8.832593162496806,6.79916112208497,15.38807381478799,15.381684904245732
10.870656882170902,12.933425702504781,2.2982889648995175,4.46201332031406,7.148258497748868,5.311482331148433,3.8785959792606386,3.010030189959672,6.330206511900793,3.84979022474117,4.190860777664797,24.731174358325674,4.797377347626895,6.543559364552472,3.1061927690596,4.349249792741599,2.4135800253747304,5.527432905476374,5.846117301202064,7.95462103943981,5.73956953731821,22.445540554278704,6.25899784195121,81.12057224017059,4.411747509319593,3.013529489702352,6.597518356752017,10.015513348059297,11.011730356153357,11.771072795373115,6.049562600172656,32.12527079492079,6.540318531929559,8.816861693618822,6.790075007954664,15.242582252880343,15.435238427566096
10.88326230668636,12.957372828984635,2.2904229958612685,4.461539621483558,7.156319315193531,5.311498325431474,3.8764443903083263,3.0257297101892995,6.331499899065191,3.8513384311372287,4.185291431553109,24.855478927504876,4.7954265642605325,6.5431440178113505,3.102749681787836,4.31869455407813,2.41183978179754,5.518557201886579,5.835881259674315,7.961380326083019,5.738474998912187,22.3695722833212,6.257073007672672,81.10491750874986,4.398976330929518,3.0101643830347244,6.536467495599554,10.002407733607622,11.008543200384551,11.767425363849627,6.0557191290659915,32.20929683799801,6.522364307040656,8.80145876108704,6.781141482272638,15.071747747063405,15.488764294331284
10.89487863213998,12.981294275749885,2.282305495222067,4.461065816155044,7.164380915289021,5.312812160934612,3.8742929205652583,3.0345940081746643,6.327351024612155,3.8528865183239978,4.180233286087383,24.878070065534423,4.795907104551228,6.5410875750985,3.0993064644012054,4.551352471917282,2.410099762329148,5.509686851452843,5.825645694983724,7.968163750702712,5.7373805394801956,22.293610762974453,6.25520555216719,81.17574083838156,4.386349552156709,3.006799536493606,6.576555492466872,10.012619156995402,11.00535272280645,11.763778459393224,6.061487350791938,32.30419320480703,6.5106029330477195,8.787227660200127,6.772350041393134,14.88518333487017,15.542263935052771
10.907487833895829,13.005220499289912,2.2740432745053507,4.46059223654788,7.1724432365018895,5.310945934871947,3.872141450822223,3.0300895803833567,6.327923673957839,3.8544348439293454,4.175710657517515,24.669355451729665,4.793894416212046,6.537617448976805,3.0958632473895005,4.268357257322516,2.4083601066224563,5.500811359069777,5.815410607130292,7.974942845990085,5.736285791124082,22.217651351863864,6.253419153993638,81.29601433478135,4.37328106998635,3.0034349266720843,6.515504476898497,10.039376711587643,11.002165190721733,11.7601320502777,6.066852499745886,32.38869034425791,6.491675482785723,8.774644940261817,6.763684247313327,14.733631166008916,15.595738303404874
10.919158940468709,13.0291613255892,2.265879759080383,4.460118152310963,7.180506222136559,5.309597185855683,3.869989742660594,3.0135394115108114,6.324557014990745,3.8559830503254036,4.171717106313833,24.81068393191307,4.793414370930953,6.534017187533591,3.092419918534667,3.971013535002335,2.406620753160414,5.491940601809809,5.805175757695439,7.9816966151851965,5.7351912193329495,22.14169669925876,6.251695104282993,81.41313835914832,4.360167328596791,3.0000705322694694,6.555592340450822,10.063733039259805,10.998975209963941,11.756486106686577,6.071680360962656,32.48312272925824,6.479317402494658,8.763716296441292,6.75512431469028,14.615751328363025,15.649191214084857
10.931772688644738,13.053078366343115,2.258107250125142,4.459644782142592,7.1885698199549655,5.304731033039525,3.8678381537082545,2.9916628523718476,6.324305232947079,3.8575313759307517,4.168219490217922,24.807300140733197,4.794081770621183,6.531613871176248,3.0889765770432334,4.129590032767849,2.4048817148016712,5.483065251286373,5.794940908260585,7.988424133684754,5.734096682035849,22.065743674618325,6.249986604442428,81.47362741565931,4.347222882276485,2.9967063339017637,6.494541925043627,10.068411039822553,10.99578712467415,11.752840600598136,6.075863897709675,32.56805087573733,6.462204447385655,8.753995018041719,6.7466469030233895,14.521340460671112,15.702624574441353
10.943496731315065,13.077015758845375,2.2508975282258694,4.459171012013294,7.196633981826093,5.300296814106181,3.8656865647559226,2.9711947509889263,6.321786268343855,3.8590794631175207,4.1652254367271,24.609494039342813,4.791825128681598,6.530775747727509,3.085533132148516,4.1806368897825426,2.403143180629086,5.474194149068737,5.784706297244311,7.995141744988307,5.733001954492582,21.98979551119219,6.248244816918286,81.44727197351955,4.334526409489046,2.993342313929198,6.534629450810074,10.051178115104705,10.992597700628,11.749195505677402,6.0793680743300005,32.66206018652079,6.447053992122601,8.744729494990663,6.738227235384817,14.46186935782045,15.756043629683104
10.956115737770297,13.100945014749684,2.2444758989398172,4.458697309001378,7.2046986634030805,5.292753077749275,3.8635349758035815,2.962183496796862,6.3206820269090915,3.8606275503042893,4.162683445665156,24.76430057939913,4.791026598454803,6.530675374432097,3.0820897892022447,3.7736740274090566,2.4014048004450843,5.465319120235263,5.774471686228037,8.001870605291977,5.731907442128071,21.913849521538623,6.246442835763189,81.32553466239796,4.3214721110235175,2.989978456299278,6.473578472779558,10.026070280110222,10.989409095661214,11.7455507971746,6.082215312843973,32.74738293931519,6.432925415102147,8.735083410655701,6.7298407905262465,14.42384066738666,15.809452194507374
